filepath,label,label_idx
data/Trashnet-resized/plastic/plastic175.jpg,plastic,4
data/Trashnet-resized/cardboard/cardboard106.jpg,cardboard,0
data/Trashnet-resized/cardboard/cardboard200.jpg,cardboard,0
data/Trashnet-resized/cardboard/cardboard199.jpg,cardboard,0
data/Trashnet-resized/metal/metal109.jpg,metal,2
data/Trashnet-resized/metal/metal116.jpg,metal,2
data/Trashnet-resized/paper/paper537.jpg,paper,3
data/Trashnet-resized/plastic/plastic119.jpg,plastic,4
data/Trashnet-resized/plastic/plastic61.jpg,plastic,4
data/Trashnet-resized/paper/paper19.jpg,paper,3
data/Trashnet-resized/cardboard/cardboard352.jpg,cardboard,0
data/Trashnet-resized/metal/metal3.jpg,metal,2
data/Trashnet-resized/paper/paper229.jpg,paper,3
data/Trashnet-resized/cardboard/cardboard203.jpg,cardboard,0
data/Trashnet-resized/cardboard/cardboard201.jpg,cardboard,0
data/Trashnet-resized/paper/paper279.jpg,paper,3
data/Trashnet-resized/glass/glass260.jpg,glass,1
data/Trashnet-resized/metal/metal181.jpg,metal,2
data/Trashnet-resized/metal/metal15.jpg,metal,2
data/Trashnet-resized/cardboard/cardboard231.jpg,cardboard,0
data/Trashnet-resized/plastic/plastic65.jpg,plastic,4
data/Trashnet-resized/plastic/plastic254.jpg,plastic,4
data/Trashnet-resized/glass/glass17.jpg,glass,1
data/Trashnet-resized/glass/glass11.jpg,glass,1
data/Trashnet-resized/paper/paper208.jpg,paper,3
data/Trashnet-resized/trash/trash77.jpg,trash,5
data/Trashnet-resized/metal/metal311.jpg,metal,2
data/Trashnet-resized/cardboard/cardboard171.jpg,cardboard,0
data/Trashnet-resized/glass/glass311.jpg,glass,1
data/Trashnet-resized/glass/glass116.jpg,glass,1
data/Trashnet-resized/cardboard/cardboard217.jpg,cardboard,0
data/Trashnet-resized/cardboard/cardboard253.jpg,cardboard,0
data/Trashnet-resized/plastic/plastic264.jpg,plastic,4
data/Trashnet-resized/metal/metal399.jpg,metal,2
data/Trashnet-resized/glass/glass2.jpg,glass,1
data/Trashnet-resized/plastic/plastic85.jpg,plastic,4
data/Trashnet-resized/metal/metal182.jpg,metal,2
data/Trashnet-resized/trash/trash3.jpg,trash,5
data/Trashnet-resized/paper/paper159.jpg,paper,3
data/Trashnet-resized/glass/glass203.jpg,glass,1
data/Trashnet-resized/plastic/plastic87.jpg,plastic,4
data/Trashnet-resized/paper/paper180.jpg,paper,3
data/Trashnet-resized/plastic/plastic105.jpg,plastic,4
data/Trashnet-resized/glass/glass209.jpg,glass,1
data/Trashnet-resized/plastic/plastic37.jpg,plastic,4
data/Trashnet-resized/paper/paper573.jpg,paper,3
data/Trashnet-resized/paper/paper442.jpg,paper,3
data/Trashnet-resized/metal/metal69.jpg,metal,2
data/Trashnet-resized/cardboard/cardboard310.jpg,cardboard,0
data/Trashnet-resized/paper/paper142.jpg,paper,3
data/Trashnet-resized/paper/paper52.jpg,paper,3
data/Trashnet-resized/glass/glass26.jpg,glass,1
data/Trashnet-resized/glass/glass479.jpg,glass,1
data/Trashnet-resized/paper/paper147.jpg,paper,3
data/Trashnet-resized/glass/glass190.jpg,glass,1
data/Trashnet-resized/plastic/plastic373.jpg,plastic,4
data/Trashnet-resized/paper/paper128.jpg,paper,3
data/Trashnet-resized/cardboard/cardboard97.jpg,cardboard,0
data/Trashnet-resized/glass/glass191.jpg,glass,1
data/Trashnet-resized/paper/paper44.jpg,paper,3
data/Trashnet-resized/glass/glass267.jpg,glass,1
data/Trashnet-resized/cardboard/cardboard160.jpg,cardboard,0
data/Trashnet-resized/plastic/plastic372.jpg,plastic,4
data/Trashnet-resized/plastic/plastic76.jpg,plastic,4
data/Trashnet-resized/cardboard/cardboard149.jpg,cardboard,0
data/Trashnet-resized/plastic/plastic113.jpg,plastic,4
data/Trashnet-resized/cardboard/cardboard335.jpg,cardboard,0
data/Trashnet-resized/glass/glass263.jpg,glass,1
data/Trashnet-resized/cardboard/cardboard112.jpg,cardboard,0
data/Trashnet-resized/plastic/plastic57.jpg,plastic,4
data/Trashnet-resized/paper/paper60.jpg,paper,3
data/Trashnet-resized/paper/paper323.jpg,paper,3
data/Trashnet-resized/glass/glass15.jpg,glass,1
data/Trashnet-resized/paper/paper256.jpg,paper,3
data/Trashnet-resized/paper/paper327.jpg,paper,3
data/Trashnet-resized/paper/paper331.jpg,paper,3
data/Trashnet-resized/glass/glass217.jpg,glass,1
data/Trashnet-resized/plastic/plastic325.jpg,plastic,4
data/Trashnet-resized/metal/metal208.jpg,metal,2
data/Trashnet-resized/plastic/plastic360.jpg,plastic,4
data/Trashnet-resized/paper/paper111.jpg,paper,3
data/Trashnet-resized/paper/paper56.jpg,paper,3
data/Trashnet-resized/paper/paper153.jpg,paper,3
data/Trashnet-resized/metal/metal25.jpg,metal,2
data/Trashnet-resized/plastic/plastic138.jpg,plastic,4
data/Trashnet-resized/metal/metal198.jpg,metal,2
data/Trashnet-resized/cardboard/cardboard294.jpg,cardboard,0
data/Trashnet-resized/plastic/plastic48.jpg,plastic,4
data/Trashnet-resized/paper/paper350.jpg,paper,3
data/Trashnet-resized/cardboard/cardboard16.jpg,cardboard,0
data/Trashnet-resized/metal/metal327.jpg,metal,2
data/Trashnet-resized/glass/glass192.jpg,glass,1
data/Trashnet-resized/cardboard/cardboard72.jpg,cardboard,0
data/Trashnet-resized/glass/glass428.jpg,glass,1
data/Trashnet-resized/metal/metal96.jpg,metal,2
data/Trashnet-resized/paper/paper222.jpg,paper,3
data/Trashnet-resized/paper/paper51.jpg,paper,3
data/Trashnet-resized/metal/metal232.jpg,metal,2
data/Trashnet-resized/plastic/plastic455.jpg,plastic,4
data/Trashnet-resized/plastic/plastic357.jpg,plastic,4
data/Trashnet-resized/cardboard/cardboard67.jpg,cardboard,0
data/Trashnet-resized/trash/trash2.jpg,trash,5
data/Trashnet-resized/plastic/plastic204.jpg,plastic,4
data/Trashnet-resized/plastic/plastic458.jpg,plastic,4
data/Trashnet-resized/cardboard/cardboard11.jpg,cardboard,0
data/Trashnet-resized/trash/trash36.jpg,trash,5
data/Trashnet-resized/plastic/plastic211.jpg,plastic,4
data/Trashnet-resized/paper/paper435.jpg,paper,3
data/Trashnet-resized/plastic/plastic147.jpg,plastic,4
data/Trashnet-resized/metal/metal149.jpg,metal,2
data/Trashnet-resized/metal/metal56.jpg,metal,2
data/Trashnet-resized/plastic/plastic159.jpg,plastic,4
data/Trashnet-resized/plastic/plastic393.jpg,plastic,4
data/Trashnet-resized/metal/metal258.jpg,metal,2
data/Trashnet-resized/metal/metal217.jpg,metal,2
data/Trashnet-resized/glass/glass9.jpg,glass,1
data/Trashnet-resized/plastic/plastic111.jpg,plastic,4
data/Trashnet-resized/glass/glass439.jpg,glass,1
data/Trashnet-resized/metal/metal251.jpg,metal,2
data/Trashnet-resized/paper/paper490.jpg,paper,3
data/Trashnet-resized/cardboard/cardboard338.jpg,cardboard,0
data/Trashnet-resized/paper/paper283.jpg,paper,3
data/Trashnet-resized/paper/paper151.jpg,paper,3
data/Trashnet-resized/cardboard/cardboard125.jpg,cardboard,0
data/Trashnet-resized/metal/metal38.jpg,metal,2
data/Trashnet-resized/plastic/plastic434.jpg,plastic,4
data/Trashnet-resized/paper/paper444.jpg,paper,3
data/Trashnet-resized/paper/paper574.jpg,paper,3
data/Trashnet-resized/glass/glass43.jpg,glass,1
data/Trashnet-resized/paper/paper367.jpg,paper,3
data/Trashnet-resized/cardboard/cardboard140.jpg,cardboard,0
data/Trashnet-resized/trash/trash125.jpg,trash,5
data/Trashnet-resized/metal/metal82.jpg,metal,2
data/Trashnet-resized/glass/glass228.jpg,glass,1
data/Trashnet-resized/paper/paper395.jpg,paper,3
data/Trashnet-resized/glass/glass425.jpg,glass,1
data/Trashnet-resized/glass/glass21.jpg,glass,1
data/Trashnet-resized/plastic/plastic199.jpg,plastic,4
data/Trashnet-resized/cardboard/cardboard403.jpg,cardboard,0
data/Trashnet-resized/metal/metal373.jpg,metal,2
data/Trashnet-resized/cardboard/cardboard206.jpg,cardboard,0
data/Trashnet-resized/metal/metal218.jpg,metal,2
data/Trashnet-resized/cardboard/cardboard60.jpg,cardboard,0
data/Trashnet-resized/cardboard/cardboard328.jpg,cardboard,0
data/Trashnet-resized/cardboard/cardboard182.jpg,cardboard,0
data/Trashnet-resized/glass/glass300.jpg,glass,1
data/Trashnet-resized/plastic/plastic243.jpg,plastic,4
data/Trashnet-resized/trash/trash14.jpg,trash,5
data/Trashnet-resized/paper/paper16.jpg,paper,3
data/Trashnet-resized/glass/glass420.jpg,glass,1
data/Trashnet-resized/metal/metal14.jpg,metal,2
data/Trashnet-resized/glass/glass193.jpg,glass,1
data/Trashnet-resized/cardboard/cardboard380.jpg,cardboard,0
data/Trashnet-resized/cardboard/cardboard364.jpg,cardboard,0
data/Trashnet-resized/metal/metal280.jpg,metal,2
data/Trashnet-resized/metal/metal29.jpg,metal,2
data/Trashnet-resized/cardboard/cardboard35.jpg,cardboard,0
data/Trashnet-resized/paper/paper338.jpg,paper,3
data/Trashnet-resized/plastic/plastic71.jpg,plastic,4
data/Trashnet-resized/glass/glass445.jpg,glass,1
data/Trashnet-resized/plastic/plastic400.jpg,plastic,4
data/Trashnet-resized/paper/paper496.jpg,paper,3
data/Trashnet-resized/paper/paper13.jpg,paper,3
data/Trashnet-resized/metal/metal107.jpg,metal,2
data/Trashnet-resized/paper/paper432.jpg,paper,3
data/Trashnet-resized/paper/paper398.jpg,paper,3
data/Trashnet-resized/metal/metal359.jpg,metal,2
data/Trashnet-resized/plastic/plastic388.jpg,plastic,4
data/Trashnet-resized/metal/metal179.jpg,metal,2
data/Trashnet-resized/plastic/plastic461.jpg,plastic,4
data/Trashnet-resized/paper/paper482.jpg,paper,3
data/Trashnet-resized/glass/glass246.jpg,glass,1
data/Trashnet-resized/cardboard/cardboard334.jpg,cardboard,0
data/Trashnet-resized/paper/paper531.jpg,paper,3
data/Trashnet-resized/cardboard/cardboard315.jpg,cardboard,0
data/Trashnet-resized/trash/trash32.jpg,trash,5
data/Trashnet-resized/metal/metal407.jpg,metal,2
data/Trashnet-resized/cardboard/cardboard319.jpg,cardboard,0
data/Trashnet-resized/paper/paper365.jpg,paper,3
data/Trashnet-resized/trash/trash57.jpg,trash,5
data/Trashnet-resized/paper/paper178.jpg,paper,3
data/Trashnet-resized/metal/metal236.jpg,metal,2
data/Trashnet-resized/plastic/plastic176.jpg,plastic,4
data/Trashnet-resized/plastic/plastic88.jpg,plastic,4
data/Trashnet-resized/plastic/plastic390.jpg,plastic,4
data/Trashnet-resized/cardboard/cardboard218.jpg,cardboard,0
data/Trashnet-resized/glass/glass314.jpg,glass,1
data/Trashnet-resized/glass/glass20.jpg,glass,1
data/Trashnet-resized/glass/glass386.jpg,glass,1
data/Trashnet-resized/glass/glass166.jpg,glass,1
data/Trashnet-resized/paper/paper470.jpg,paper,3
data/Trashnet-resized/metal/metal36.jpg,metal,2
data/Trashnet-resized/paper/paper102.jpg,paper,3
data/Trashnet-resized/plastic/plastic98.jpg,plastic,4
data/Trashnet-resized/plastic/plastic346.jpg,plastic,4
data/Trashnet-resized/plastic/plastic120.jpg,plastic,4
data/Trashnet-resized/plastic/plastic326.jpg,plastic,4
data/Trashnet-resized/glass/glass286.jpg,glass,1
data/Trashnet-resized/glass/glass353.jpg,glass,1
data/Trashnet-resized/paper/paper47.jpg,paper,3
data/Trashnet-resized/glass/glass244.jpg,glass,1
data/Trashnet-resized/cardboard/cardboard323.jpg,cardboard,0
data/Trashnet-resized/metal/metal360.jpg,metal,2
data/Trashnet-resized/paper/paper310.jpg,paper,3
data/Trashnet-resized/plastic/plastic404.jpg,plastic,4
data/Trashnet-resized/cardboard/cardboard222.jpg,cardboard,0
data/Trashnet-resized/paper/paper156.jpg,paper,3
data/Trashnet-resized/glass/glass351.jpg,glass,1
data/Trashnet-resized/glass/glass39.jpg,glass,1
data/Trashnet-resized/metal/metal136.jpg,metal,2
data/Trashnet-resized/glass/glass102.jpg,glass,1
data/Trashnet-resized/metal/metal295.jpg,metal,2
data/Trashnet-resized/glass/glass213.jpg,glass,1
data/Trashnet-resized/metal/metal21.jpg,metal,2
data/Trashnet-resized/cardboard/cardboard290.jpg,cardboard,0
data/Trashnet-resized/paper/paper342.jpg,paper,3
data/Trashnet-resized/plastic/plastic156.jpg,plastic,4
data/Trashnet-resized/metal/metal95.jpg,metal,2
data/Trashnet-resized/paper/paper527.jpg,paper,3
data/Trashnet-resized/cardboard/cardboard330.jpg,cardboard,0
data/Trashnet-resized/paper/paper538.jpg,paper,3
data/Trashnet-resized/cardboard/cardboard103.jpg,cardboard,0
data/Trashnet-resized/glass/glass6.jpg,glass,1
data/Trashnet-resized/cardboard/cardboard369.jpg,cardboard,0
data/Trashnet-resized/plastic/plastic131.jpg,plastic,4
data/Trashnet-resized/glass/glass470.jpg,glass,1
data/Trashnet-resized/metal/metal128.jpg,metal,2
data/Trashnet-resized/glass/glass458.jpg,glass,1
data/Trashnet-resized/glass/glass122.jpg,glass,1
data/Trashnet-resized/glass/glass259.jpg,glass,1
data/Trashnet-resized/paper/paper1.jpg,paper,3
data/Trashnet-resized/paper/paper218.jpg,paper,3
data/Trashnet-resized/cardboard/cardboard158.jpg,cardboard,0
data/Trashnet-resized/plastic/plastic307.jpg,plastic,4
data/Trashnet-resized/paper/paper313.jpg,paper,3
data/Trashnet-resized/plastic/plastic16.jpg,plastic,4
data/Trashnet-resized/glass/glass229.jpg,glass,1
data/Trashnet-resized/glass/glass499.jpg,glass,1
data/Trashnet-resized/plastic/plastic397.jpg,plastic,4
data/Trashnet-resized/metal/metal293.jpg,metal,2
data/Trashnet-resized/cardboard/cardboard367.jpg,cardboard,0
data/Trashnet-resized/plastic/plastic454.jpg,plastic,4
data/Trashnet-resized/cardboard/cardboard136.jpg,cardboard,0
data/Trashnet-resized/glass/glass291.jpg,glass,1
data/Trashnet-resized/metal/metal174.jpg,metal,2
data/Trashnet-resized/plastic/plastic466.jpg,plastic,4
data/Trashnet-resized/paper/paper364.jpg,paper,3
data/Trashnet-resized/plastic/plastic19.jpg,plastic,4
data/Trashnet-resized/cardboard/cardboard34.jpg,cardboard,0
data/Trashnet-resized/plastic/plastic386.jpg,plastic,4
data/Trashnet-resized/plastic/plastic69.jpg,plastic,4
data/Trashnet-resized/glass/glass295.jpg,glass,1
data/Trashnet-resized/trash/trash81.jpg,trash,5
data/Trashnet-resized/metal/metal94.jpg,metal,2
data/Trashnet-resized/paper/paper443.jpg,paper,3
data/Trashnet-resized/metal/metal143.jpg,metal,2
data/Trashnet-resized/cardboard/cardboard28.jpg,cardboard,0
data/Trashnet-resized/paper/paper301.jpg,paper,3
data/Trashnet-resized/paper/paper273.jpg,paper,3
data/Trashnet-resized/paper/paper267.jpg,paper,3
data/Trashnet-resized/paper/paper66.jpg,paper,3
data/Trashnet-resized/plastic/plastic269.jpg,plastic,4
data/Trashnet-resized/cardboard/cardboard363.jpg,cardboard,0
data/Trashnet-resized/cardboard/cardboard304.jpg,cardboard,0
data/Trashnet-resized/plastic/plastic81.jpg,plastic,4
data/Trashnet-resized/paper/paper530.jpg,paper,3
data/Trashnet-resized/metal/metal350.jpg,metal,2
data/Trashnet-resized/cardboard/cardboard243.jpg,cardboard,0
data/Trashnet-resized/cardboard/cardboard193.jpg,cardboard,0
data/Trashnet-resized/plastic/plastic3.jpg,plastic,4
data/Trashnet-resized/cardboard/cardboard29.jpg,cardboard,0
data/Trashnet-resized/metal/metal346.jpg,metal,2
data/Trashnet-resized/glass/glass144.jpg,glass,1
data/Trashnet-resized/plastic/plastic379.jpg,plastic,4
data/Trashnet-resized/cardboard/cardboard371.jpg,cardboard,0
data/Trashnet-resized/plastic/plastic209.jpg,plastic,4
data/Trashnet-resized/metal/metal150.jpg,metal,2
data/Trashnet-resized/plastic/plastic403.jpg,plastic,4
data/Trashnet-resized/plastic/plastic64.jpg,plastic,4
data/Trashnet-resized/plastic/plastic191.jpg,plastic,4
data/Trashnet-resized/paper/paper146.jpg,paper,3
data/Trashnet-resized/plastic/plastic153.jpg,plastic,4
data/Trashnet-resized/glass/glass266.jpg,glass,1
data/Trashnet-resized/cardboard/cardboard70.jpg,cardboard,0
data/Trashnet-resized/metal/metal104.jpg,metal,2
data/Trashnet-resized/cardboard/cardboard264.jpg,cardboard,0
data/Trashnet-resized/metal/metal380.jpg,metal,2
data/Trashnet-resized/cardboard/cardboard204.jpg,cardboard,0
data/Trashnet-resized/paper/paper271.jpg,paper,3
data/Trashnet-resized/trash/trash80.jpg,trash,5
data/Trashnet-resized/paper/paper109.jpg,paper,3
data/Trashnet-resized/paper/paper514.jpg,paper,3
data/Trashnet-resized/cardboard/cardboard339.jpg,cardboard,0
data/Trashnet-resized/glass/glass198.jpg,glass,1
data/Trashnet-resized/paper/paper199.jpg,paper,3
data/Trashnet-resized/plastic/plastic463.jpg,plastic,4
data/Trashnet-resized/paper/paper591.jpg,paper,3
data/Trashnet-resized/paper/paper479.jpg,paper,3
data/Trashnet-resized/glass/glass257.jpg,glass,1
data/Trashnet-resized/glass/glass447.jpg,glass,1
data/Trashnet-resized/paper/paper61.jpg,paper,3
data/Trashnet-resized/plastic/plastic9.jpg,plastic,4
data/Trashnet-resized/paper/paper26.jpg,paper,3
data/Trashnet-resized/paper/paper214.jpg,paper,3
data/Trashnet-resized/plastic/plastic261.jpg,plastic,4
data/Trashnet-resized/cardboard/cardboard256.jpg,cardboard,0
data/Trashnet-resized/paper/paper569.jpg,paper,3
data/Trashnet-resized/glass/glass125.jpg,glass,1
data/Trashnet-resized/glass/glass94.jpg,glass,1
data/Trashnet-resized/glass/glass54.jpg,glass,1
data/Trashnet-resized/metal/metal392.jpg,metal,2
data/Trashnet-resized/paper/paper124.jpg,paper,3
data/Trashnet-resized/paper/paper400.jpg,paper,3
data/Trashnet-resized/paper/paper88.jpg,paper,3
data/Trashnet-resized/paper/paper503.jpg,paper,3
data/Trashnet-resized/plastic/plastic289.jpg,plastic,4
data/Trashnet-resized/glass/glass438.jpg,glass,1
data/Trashnet-resized/plastic/plastic478.jpg,plastic,4
data/Trashnet-resized/trash/trash63.jpg,trash,5
data/Trashnet-resized/cardboard/cardboard402.jpg,cardboard,0
data/Trashnet-resized/paper/paper417.jpg,paper,3
data/Trashnet-resized/cardboard/cardboard57.jpg,cardboard,0
data/Trashnet-resized/cardboard/cardboard287.jpg,cardboard,0
data/Trashnet-resized/plastic/plastic46.jpg,plastic,4
data/Trashnet-resized/paper/paper67.jpg,paper,3
data/Trashnet-resized/paper/paper46.jpg,paper,3
data/Trashnet-resized/paper/paper332.jpg,paper,3
data/Trashnet-resized/trash/trash51.jpg,trash,5
data/Trashnet-resized/glass/glass220.jpg,glass,1
data/Trashnet-resized/cardboard/cardboard224.jpg,cardboard,0
data/Trashnet-resized/glass/glass306.jpg,glass,1
data/Trashnet-resized/trash/trash84.jpg,trash,5
data/Trashnet-resized/plastic/plastic43.jpg,plastic,4
data/Trashnet-resized/metal/metal75.jpg,metal,2
data/Trashnet-resized/metal/metal129.jpg,metal,2
data/Trashnet-resized/glass/glass292.jpg,glass,1
data/Trashnet-resized/metal/metal287.jpg,metal,2
data/Trashnet-resized/glass/glass484.jpg,glass,1
data/Trashnet-resized/glass/glass310.jpg,glass,1
data/Trashnet-resized/metal/metal372.jpg,metal,2
data/Trashnet-resized/metal/metal283.jpg,metal,2
data/Trashnet-resized/paper/paper78.jpg,paper,3
data/Trashnet-resized/plastic/plastic179.jpg,plastic,4
data/Trashnet-resized/cardboard/cardboard46.jpg,cardboard,0
data/Trashnet-resized/glass/glass463.jpg,glass,1
data/Trashnet-resized/metal/metal369.jpg,metal,2
data/Trashnet-resized/metal/metal91.jpg,metal,2
data/Trashnet-resized/metal/metal168.jpg,metal,2
data/Trashnet-resized/plastic/plastic129.jpg,plastic,4
data/Trashnet-resized/metal/metal45.jpg,metal,2
data/Trashnet-resized/paper/paper315.jpg,paper,3
data/Trashnet-resized/trash/trash116.jpg,trash,5
data/Trashnet-resized/metal/metal229.jpg,metal,2
data/Trashnet-resized/paper/paper72.jpg,paper,3
data/Trashnet-resized/plastic/plastic139.jpg,plastic,4
data/Trashnet-resized/metal/metal167.jpg,metal,2
data/Trashnet-resized/plastic/plastic200.jpg,plastic,4
data/Trashnet-resized/cardboard/cardboard10.jpg,cardboard,0
data/Trashnet-resized/paper/paper75.jpg,paper,3
data/Trashnet-resized/metal/metal352.jpg,metal,2
data/Trashnet-resized/paper/paper258.jpg,paper,3
data/Trashnet-resized/plastic/plastic449.jpg,plastic,4
data/Trashnet-resized/glass/glass143.jpg,glass,1
data/Trashnet-resized/metal/metal216.jpg,metal,2
data/Trashnet-resized/plastic/plastic471.jpg,plastic,4
data/Trashnet-resized/paper/paper97.jpg,paper,3
data/Trashnet-resized/glass/glass113.jpg,glass,1
data/Trashnet-resized/metal/metal224.jpg,metal,2
data/Trashnet-resized/paper/paper494.jpg,paper,3
data/Trashnet-resized/paper/paper459.jpg,paper,3
data/Trashnet-resized/glass/glass488.jpg,glass,1
data/Trashnet-resized/metal/metal8.jpg,metal,2
data/Trashnet-resized/metal/metal159.jpg,metal,2
data/Trashnet-resized/paper/paper277.jpg,paper,3
data/Trashnet-resized/paper/paper210.jpg,paper,3
data/Trashnet-resized/paper/paper251.jpg,paper,3
data/Trashnet-resized/paper/paper20.jpg,paper,3
data/Trashnet-resized/glass/glass450.jpg,glass,1
data/Trashnet-resized/paper/paper154.jpg,paper,3
data/Trashnet-resized/cardboard/cardboard257.jpg,cardboard,0
data/Trashnet-resized/glass/glass35.jpg,glass,1
data/Trashnet-resized/metal/metal345.jpg,metal,2
data/Trashnet-resized/cardboard/cardboard163.jpg,cardboard,0
data/Trashnet-resized/trash/trash127.jpg,trash,5
data/Trashnet-resized/plastic/plastic416.jpg,plastic,4
data/Trashnet-resized/glass/glass380.jpg,glass,1
data/Trashnet-resized/glass/glass175.jpg,glass,1
data/Trashnet-resized/paper/paper54.jpg,paper,3
data/Trashnet-resized/glass/glass305.jpg,glass,1
data/Trashnet-resized/glass/glass159.jpg,glass,1
data/Trashnet-resized/plastic/plastic317.jpg,plastic,4
data/Trashnet-resized/plastic/plastic52.jpg,plastic,4
data/Trashnet-resized/plastic/plastic277.jpg,plastic,4
data/Trashnet-resized/cardboard/cardboard388.jpg,cardboard,0
data/Trashnet-resized/trash/trash16.jpg,trash,5
data/Trashnet-resized/metal/metal252.jpg,metal,2
data/Trashnet-resized/cardboard/cardboard96.jpg,cardboard,0
data/Trashnet-resized/glass/glass453.jpg,glass,1
data/Trashnet-resized/glass/glass188.jpg,glass,1
data/Trashnet-resized/metal/metal353.jpg,metal,2
data/Trashnet-resized/metal/metal112.jpg,metal,2
data/Trashnet-resized/metal/metal103.jpg,metal,2
data/Trashnet-resized/paper/paper254.jpg,paper,3
data/Trashnet-resized/plastic/plastic222.jpg,plastic,4
data/Trashnet-resized/paper/paper264.jpg,paper,3
data/Trashnet-resized/glass/glass155.jpg,glass,1
data/Trashnet-resized/cardboard/cardboard61.jpg,cardboard,0
data/Trashnet-resized/paper/paper575.jpg,paper,3
data/Trashnet-resized/metal/metal268.jpg,metal,2
data/Trashnet-resized/paper/paper448.jpg,paper,3
data/Trashnet-resized/metal/metal271.jpg,metal,2
data/Trashnet-resized/glass/glass148.jpg,glass,1
data/Trashnet-resized/plastic/plastic148.jpg,plastic,4
data/Trashnet-resized/plastic/plastic423.jpg,plastic,4
data/Trashnet-resized/metal/metal88.jpg,metal,2
data/Trashnet-resized/metal/metal284.jpg,metal,2
data/Trashnet-resized/paper/paper198.jpg,paper,3
data/Trashnet-resized/trash/trash62.jpg,trash,5
data/Trashnet-resized/metal/metal264.jpg,metal,2
data/Trashnet-resized/glass/glass137.jpg,glass,1
data/Trashnet-resized/trash/trash137.jpg,trash,5
data/Trashnet-resized/glass/glass81.jpg,glass,1
data/Trashnet-resized/paper/paper224.jpg,paper,3
data/Trashnet-resized/glass/glass114.jpg,glass,1
data/Trashnet-resized/metal/metal355.jpg,metal,2
data/Trashnet-resized/paper/paper265.jpg,paper,3
data/Trashnet-resized/trash/trash8.jpg,trash,5
data/Trashnet-resized/cardboard/cardboard180.jpg,cardboard,0
data/Trashnet-resized/metal/metal286.jpg,metal,2
data/Trashnet-resized/metal/metal135.jpg,metal,2
data/Trashnet-resized/paper/paper203.jpg,paper,3
data/Trashnet-resized/trash/trash119.jpg,trash,5
data/Trashnet-resized/paper/paper590.jpg,paper,3
data/Trashnet-resized/plastic/plastic22.jpg,plastic,4
data/Trashnet-resized/plastic/plastic421.jpg,plastic,4
data/Trashnet-resized/trash/trash104.jpg,trash,5
data/Trashnet-resized/cardboard/cardboard260.jpg,cardboard,0
data/Trashnet-resized/glass/glass498.jpg,glass,1
data/Trashnet-resized/paper/paper179.jpg,paper,3
data/Trashnet-resized/cardboard/cardboard360.jpg,cardboard,0
data/Trashnet-resized/trash/trash94.jpg,trash,5
data/Trashnet-resized/glass/glass120.jpg,glass,1
data/Trashnet-resized/paper/paper116.jpg,paper,3
data/Trashnet-resized/cardboard/cardboard27.jpg,cardboard,0
data/Trashnet-resized/metal/metal341.jpg,metal,2
data/Trashnet-resized/paper/paper394.jpg,paper,3
data/Trashnet-resized/trash/trash12.jpg,trash,5
data/Trashnet-resized/glass/glass146.jpg,glass,1
data/Trashnet-resized/metal/metal64.jpg,metal,2
data/Trashnet-resized/plastic/plastic308.jpg,plastic,4
data/Trashnet-resized/paper/paper532.jpg,paper,3
data/Trashnet-resized/cardboard/cardboard368.jpg,cardboard,0
data/Trashnet-resized/glass/glass283.jpg,glass,1
data/Trashnet-resized/paper/paper201.jpg,paper,3
data/Trashnet-resized/plastic/plastic32.jpg,plastic,4
data/Trashnet-resized/paper/paper428.jpg,paper,3
data/Trashnet-resized/plastic/plastic278.jpg,plastic,4
data/Trashnet-resized/plastic/plastic202.jpg,plastic,4
data/Trashnet-resized/plastic/plastic14.jpg,plastic,4
data/Trashnet-resized/glass/glass85.jpg,glass,1
data/Trashnet-resized/metal/metal52.jpg,metal,2
data/Trashnet-resized/cardboard/cardboard325.jpg,cardboard,0
data/Trashnet-resized/cardboard/cardboard3.jpg,cardboard,0
data/Trashnet-resized/paper/paper502.jpg,paper,3
data/Trashnet-resized/metal/metal184.jpg,metal,2
data/Trashnet-resized/glass/glass363.jpg,glass,1
data/Trashnet-resized/cardboard/cardboard399.jpg,cardboard,0
data/Trashnet-resized/metal/metal22.jpg,metal,2
data/Trashnet-resized/plastic/plastic406.jpg,plastic,4
data/Trashnet-resized/cardboard/cardboard225.jpg,cardboard,0
data/Trashnet-resized/cardboard/cardboard242.jpg,cardboard,0
data/Trashnet-resized/cardboard/cardboard12.jpg,cardboard,0
data/Trashnet-resized/glass/glass451.jpg,glass,1
data/Trashnet-resized/glass/glass360.jpg,glass,1
data/Trashnet-resized/glass/glass104.jpg,glass,1
data/Trashnet-resized/glass/glass65.jpg,glass,1
data/Trashnet-resized/plastic/plastic314.jpg,plastic,4
data/Trashnet-resized/metal/metal336.jpg,metal,2
data/Trashnet-resized/plastic/plastic185.jpg,plastic,4
data/Trashnet-resized/glass/glass8.jpg,glass,1
data/Trashnet-resized/glass/glass269.jpg,glass,1
data/Trashnet-resized/glass/glass234.jpg,glass,1
data/Trashnet-resized/cardboard/cardboard151.jpg,cardboard,0
data/Trashnet-resized/cardboard/cardboard387.jpg,cardboard,0
data/Trashnet-resized/metal/metal313.jpg,metal,2
data/Trashnet-resized/metal/metal42.jpg,metal,2
data/Trashnet-resized/cardboard/cardboard365.jpg,cardboard,0
data/Trashnet-resized/cardboard/cardboard84.jpg,cardboard,0
data/Trashnet-resized/paper/paper405.jpg,paper,3
data/Trashnet-resized/paper/paper351.jpg,paper,3
data/Trashnet-resized/plastic/plastic116.jpg,plastic,4
data/Trashnet-resized/cardboard/cardboard144.jpg,cardboard,0
data/Trashnet-resized/metal/metal394.jpg,metal,2
data/Trashnet-resized/glass/glass404.jpg,glass,1
data/Trashnet-resized/plastic/plastic112.jpg,plastic,4
data/Trashnet-resized/plastic/plastic272.jpg,plastic,4
data/Trashnet-resized/metal/metal83.jpg,metal,2
data/Trashnet-resized/cardboard/cardboard99.jpg,cardboard,0
data/Trashnet-resized/glass/glass202.jpg,glass,1
data/Trashnet-resized/plastic/plastic228.jpg,plastic,4
data/Trashnet-resized/metal/metal6.jpg,metal,2
data/Trashnet-resized/glass/glass258.jpg,glass,1
data/Trashnet-resized/plastic/plastic330.jpg,plastic,4
data/Trashnet-resized/glass/glass145.jpg,glass,1
data/Trashnet-resized/trash/trash61.jpg,trash,5
data/Trashnet-resized/glass/glass476.jpg,glass,1
data/Trashnet-resized/plastic/plastic122.jpg,plastic,4
data/Trashnet-resized/paper/paper378.jpg,paper,3
data/Trashnet-resized/glass/glass71.jpg,glass,1
data/Trashnet-resized/cardboard/cardboard178.jpg,cardboard,0
data/Trashnet-resized/plastic/plastic118.jpg,plastic,4
data/Trashnet-resized/plastic/plastic439.jpg,plastic,4
data/Trashnet-resized/glass/glass7.jpg,glass,1
data/Trashnet-resized/glass/glass186.jpg,glass,1
data/Trashnet-resized/glass/glass255.jpg,glass,1
data/Trashnet-resized/glass/glass327.jpg,glass,1
data/Trashnet-resized/paper/paper115.jpg,paper,3
data/Trashnet-resized/paper/paper176.jpg,paper,3
data/Trashnet-resized/trash/trash92.jpg,trash,5
data/Trashnet-resized/paper/paper205.jpg,paper,3
data/Trashnet-resized/plastic/plastic182.jpg,plastic,4
data/Trashnet-resized/plastic/plastic267.jpg,plastic,4
data/Trashnet-resized/cardboard/cardboard298.jpg,cardboard,0
data/Trashnet-resized/metal/metal235.jpg,metal,2
data/Trashnet-resized/trash/trash38.jpg,trash,5
data/Trashnet-resized/plastic/plastic127.jpg,plastic,4
data/Trashnet-resized/plastic/plastic359.jpg,plastic,4
data/Trashnet-resized/paper/paper366.jpg,paper,3
data/Trashnet-resized/paper/paper326.jpg,paper,3
data/Trashnet-resized/paper/paper282.jpg,paper,3
data/Trashnet-resized/paper/paper121.jpg,paper,3
data/Trashnet-resized/trash/trash18.jpg,trash,5
data/Trashnet-resized/trash/trash41.jpg,trash,5
data/Trashnet-resized/paper/paper487.jpg,paper,3
data/Trashnet-resized/plastic/plastic163.jpg,plastic,4
data/Trashnet-resized/paper/paper318.jpg,paper,3
data/Trashnet-resized/metal/metal279.jpg,metal,2
data/Trashnet-resized/cardboard/cardboard4.jpg,cardboard,0
data/Trashnet-resized/metal/metal312.jpg,metal,2
data/Trashnet-resized/paper/paper542.jpg,paper,3
data/Trashnet-resized/paper/paper65.jpg,paper,3
data/Trashnet-resized/metal/metal20.jpg,metal,2
data/Trashnet-resized/metal/metal59.jpg,metal,2
data/Trashnet-resized/metal/metal223.jpg,metal,2
data/Trashnet-resized/paper/paper412.jpg,paper,3
data/Trashnet-resized/plastic/plastic51.jpg,plastic,4
data/Trashnet-resized/cardboard/cardboard288.jpg,cardboard,0
data/Trashnet-resized/glass/glass410.jpg,glass,1
data/Trashnet-resized/metal/metal10.jpg,metal,2
data/Trashnet-resized/paper/paper53.jpg,paper,3
data/Trashnet-resized/paper/paper570.jpg,paper,3
data/Trashnet-resized/metal/metal379.jpg,metal,2
data/Trashnet-resized/paper/paper547.jpg,paper,3
data/Trashnet-resized/glass/glass469.jpg,glass,1
data/Trashnet-resized/paper/paper12.jpg,paper,3
data/Trashnet-resized/glass/glass76.jpg,glass,1
data/Trashnet-resized/metal/metal100.jpg,metal,2
data/Trashnet-resized/glass/glass250.jpg,glass,1
data/Trashnet-resized/cardboard/cardboard389.jpg,cardboard,0
data/Trashnet-resized/cardboard/cardboard233.jpg,cardboard,0
data/Trashnet-resized/paper/paper317.jpg,paper,3
data/Trashnet-resized/plastic/plastic157.jpg,plastic,4
data/Trashnet-resized/cardboard/cardboard263.jpg,cardboard,0
data/Trashnet-resized/metal/metal363.jpg,metal,2
data/Trashnet-resized/paper/paper64.jpg,paper,3
data/Trashnet-resized/paper/paper401.jpg,paper,3
data/Trashnet-resized/paper/paper112.jpg,paper,3
data/Trashnet-resized/plastic/plastic124.jpg,plastic,4
data/Trashnet-resized/trash/trash23.jpg,trash,5
data/Trashnet-resized/trash/trash71.jpg,trash,5
data/Trashnet-resized/cardboard/cardboard42.jpg,cardboard,0
data/Trashnet-resized/plastic/plastic224.jpg,plastic,4
data/Trashnet-resized/trash/trash135.jpg,trash,5
data/Trashnet-resized/glass/glass77.jpg,glass,1
data/Trashnet-resized/cardboard/cardboard176.jpg,cardboard,0
data/Trashnet-resized/plastic/plastic219.jpg,plastic,4
data/Trashnet-resized/paper/paper535.jpg,paper,3
data/Trashnet-resized/cardboard/cardboard58.jpg,cardboard,0
data/Trashnet-resized/cardboard/cardboard17.jpg,cardboard,0
data/Trashnet-resized/metal/metal325.jpg,metal,2
data/Trashnet-resized/paper/paper285.jpg,paper,3
data/Trashnet-resized/plastic/plastic40.jpg,plastic,4
data/Trashnet-resized/paper/paper579.jpg,paper,3
data/Trashnet-resized/paper/paper213.jpg,paper,3
data/Trashnet-resized/glass/glass91.jpg,glass,1
data/Trashnet-resized/trash/trash113.jpg,trash,5
data/Trashnet-resized/glass/glass49.jpg,glass,1
data/Trashnet-resized/metal/metal16.jpg,metal,2
data/Trashnet-resized/cardboard/cardboard223.jpg,cardboard,0
data/Trashnet-resized/metal/metal405.jpg,metal,2
data/Trashnet-resized/cardboard/cardboard345.jpg,cardboard,0
data/Trashnet-resized/cardboard/cardboard170.jpg,cardboard,0
data/Trashnet-resized/paper/paper429.jpg,paper,3
data/Trashnet-resized/metal/metal308.jpg,metal,2
data/Trashnet-resized/glass/glass377.jpg,glass,1
data/Trashnet-resized/paper/paper345.jpg,paper,3
data/Trashnet-resized/metal/metal322.jpg,metal,2
data/Trashnet-resized/cardboard/cardboard85.jpg,cardboard,0
data/Trashnet-resized/metal/metal303.jpg,metal,2
data/Trashnet-resized/plastic/plastic453.jpg,plastic,4
data/Trashnet-resized/trash/trash99.jpg,trash,5
data/Trashnet-resized/paper/paper155.jpg,paper,3
data/Trashnet-resized/paper/paper24.jpg,paper,3
data/Trashnet-resized/metal/metal31.jpg,metal,2
data/Trashnet-resized/trash/trash47.jpg,trash,5
data/Trashnet-resized/glass/glass483.jpg,glass,1
data/Trashnet-resized/plastic/plastic340.jpg,plastic,4
data/Trashnet-resized/cardboard/cardboard314.jpg,cardboard,0
data/Trashnet-resized/cardboard/cardboard26.jpg,cardboard,0
data/Trashnet-resized/cardboard/cardboard7.jpg,cardboard,0
data/Trashnet-resized/metal/metal374.jpg,metal,2
data/Trashnet-resized/paper/paper362.jpg,paper,3
data/Trashnet-resized/plastic/plastic17.jpg,plastic,4
data/Trashnet-resized/glass/glass128.jpg,glass,1
data/Trashnet-resized/cardboard/cardboard295.jpg,cardboard,0
data/Trashnet-resized/metal/metal194.jpg,metal,2
data/Trashnet-resized/metal/metal152.jpg,metal,2
data/Trashnet-resized/plastic/plastic344.jpg,plastic,4
data/Trashnet-resized/cardboard/cardboard215.jpg,cardboard,0
data/Trashnet-resized/paper/paper371.jpg,paper,3
data/Trashnet-resized/paper/paper133.jpg,paper,3
data/Trashnet-resized/metal/metal78.jpg,metal,2
data/Trashnet-resized/glass/glass157.jpg,glass,1
data/Trashnet-resized/trash/trash83.jpg,trash,5
data/Trashnet-resized/paper/paper165.jpg,paper,3
data/Trashnet-resized/glass/glass337.jpg,glass,1
data/Trashnet-resized/trash/trash79.jpg,trash,5
data/Trashnet-resized/metal/metal263.jpg,metal,2
data/Trashnet-resized/plastic/plastic364.jpg,plastic,4
data/Trashnet-resized/plastic/plastic443.jpg,plastic,4
data/Trashnet-resized/paper/paper440.jpg,paper,3
data/Trashnet-resized/glass/glass82.jpg,glass,1
data/Trashnet-resized/plastic/plastic387.jpg,plastic,4
data/Trashnet-resized/glass/glass219.jpg,glass,1
data/Trashnet-resized/plastic/plastic212.jpg,plastic,4
data/Trashnet-resized/glass/glass434.jpg,glass,1
data/Trashnet-resized/plastic/plastic300.jpg,plastic,4
data/Trashnet-resized/metal/metal398.jpg,metal,2
data/Trashnet-resized/trash/trash65.jpg,trash,5
data/Trashnet-resized/plastic/plastic134.jpg,plastic,4
data/Trashnet-resized/cardboard/cardboard358.jpg,cardboard,0
data/Trashnet-resized/metal/metal344.jpg,metal,2
data/Trashnet-resized/plastic/plastic408.jpg,plastic,4
data/Trashnet-resized/metal/metal273.jpg,metal,2
data/Trashnet-resized/cardboard/cardboard76.jpg,cardboard,0
data/Trashnet-resized/paper/paper481.jpg,paper,3
data/Trashnet-resized/cardboard/cardboard244.jpg,cardboard,0
data/Trashnet-resized/plastic/plastic311.jpg,plastic,4
data/Trashnet-resized/plastic/plastic286.jpg,plastic,4
data/Trashnet-resized/paper/paper373.jpg,paper,3
data/Trashnet-resized/paper/paper565.jpg,paper,3
data/Trashnet-resized/glass/glass416.jpg,glass,1
data/Trashnet-resized/plastic/plastic155.jpg,plastic,4
data/Trashnet-resized/plastic/plastic469.jpg,plastic,4
data/Trashnet-resized/paper/paper577.jpg,paper,3
data/Trashnet-resized/paper/paper304.jpg,paper,3
data/Trashnet-resized/paper/paper512.jpg,paper,3
data/Trashnet-resized/glass/glass403.jpg,glass,1
data/Trashnet-resized/glass/glass313.jpg,glass,1
data/Trashnet-resized/plastic/plastic181.jpg,plastic,4
data/Trashnet-resized/paper/paper372.jpg,paper,3
data/Trashnet-resized/glass/glass456.jpg,glass,1
data/Trashnet-resized/glass/glass5.jpg,glass,1
data/Trashnet-resized/trash/trash56.jpg,trash,5
data/Trashnet-resized/metal/metal318.jpg,metal,2
data/Trashnet-resized/cardboard/cardboard15.jpg,cardboard,0
data/Trashnet-resized/paper/paper341.jpg,paper,3
data/Trashnet-resized/glass/glass83.jpg,glass,1
data/Trashnet-resized/plastic/plastic440.jpg,plastic,4
data/Trashnet-resized/plastic/plastic428.jpg,plastic,4
data/Trashnet-resized/plastic/plastic225.jpg,plastic,4
data/Trashnet-resized/glass/glass45.jpg,glass,1
data/Trashnet-resized/cardboard/cardboard56.jpg,cardboard,0
data/Trashnet-resized/paper/paper464.jpg,paper,3
data/Trashnet-resized/cardboard/cardboard45.jpg,cardboard,0
data/Trashnet-resized/paper/paper354.jpg,paper,3
data/Trashnet-resized/glass/glass167.jpg,glass,1
data/Trashnet-resized/plastic/plastic80.jpg,plastic,4
data/Trashnet-resized/metal/metal233.jpg,metal,2
data/Trashnet-resized/paper/paper576.jpg,paper,3
data/Trashnet-resized/plastic/plastic370.jpg,plastic,4
data/Trashnet-resized/metal/metal381.jpg,metal,2
data/Trashnet-resized/glass/glass494.jpg,glass,1
data/Trashnet-resized/cardboard/cardboard181.jpg,cardboard,0
data/Trashnet-resized/glass/glass29.jpg,glass,1
data/Trashnet-resized/glass/glass36.jpg,glass,1
data/Trashnet-resized/paper/paper339.jpg,paper,3
data/Trashnet-resized/plastic/plastic296.jpg,plastic,4
data/Trashnet-resized/metal/metal147.jpg,metal,2
data/Trashnet-resized/cardboard/cardboard385.jpg,cardboard,0
data/Trashnet-resized/plastic/plastic205.jpg,plastic,4
data/Trashnet-resized/glass/glass325.jpg,glass,1
data/Trashnet-resized/plastic/plastic233.jpg,plastic,4
data/Trashnet-resized/paper/paper41.jpg,paper,3
data/Trashnet-resized/cardboard/cardboard197.jpg,cardboard,0
data/Trashnet-resized/cardboard/cardboard94.jpg,cardboard,0
data/Trashnet-resized/trash/trash100.jpg,trash,5
data/Trashnet-resized/plastic/plastic295.jpg,plastic,4
data/Trashnet-resized/glass/glass485.jpg,glass,1
data/Trashnet-resized/metal/metal202.jpg,metal,2
data/Trashnet-resized/paper/paper90.jpg,paper,3
data/Trashnet-resized/glass/glass348.jpg,glass,1
data/Trashnet-resized/cardboard/cardboard210.jpg,cardboard,0
data/Trashnet-resized/cardboard/cardboard109.jpg,cardboard,0
data/Trashnet-resized/glass/glass320.jpg,glass,1
data/Trashnet-resized/paper/paper478.jpg,paper,3
data/Trashnet-resized/paper/paper582.jpg,paper,3
data/Trashnet-resized/paper/paper491.jpg,paper,3
data/Trashnet-resized/metal/metal70.jpg,metal,2
data/Trashnet-resized/trash/trash85.jpg,trash,5
data/Trashnet-resized/plastic/plastic187.jpg,plastic,4
data/Trashnet-resized/glass/glass430.jpg,glass,1
data/Trashnet-resized/cardboard/cardboard250.jpg,cardboard,0
data/Trashnet-resized/glass/glass361.jpg,glass,1
data/Trashnet-resized/plastic/plastic78.jpg,plastic,4
data/Trashnet-resized/glass/glass98.jpg,glass,1
data/Trashnet-resized/paper/paper17.jpg,paper,3
data/Trashnet-resized/plastic/plastic475.jpg,plastic,4
data/Trashnet-resized/glass/glass204.jpg,glass,1
data/Trashnet-resized/glass/glass478.jpg,glass,1
data/Trashnet-resized/plastic/plastic279.jpg,plastic,4
data/Trashnet-resized/glass/glass132.jpg,glass,1
data/Trashnet-resized/cardboard/cardboard156.jpg,cardboard,0
data/Trashnet-resized/plastic/plastic429.jpg,plastic,4
data/Trashnet-resized/plastic/plastic323.jpg,plastic,4
data/Trashnet-resized/cardboard/cardboard135.jpg,cardboard,0
data/Trashnet-resized/glass/glass185.jpg,glass,1
data/Trashnet-resized/glass/glass299.jpg,glass,1
data/Trashnet-resized/plastic/plastic312.jpg,plastic,4
data/Trashnet-resized/plastic/plastic435.jpg,plastic,4
data/Trashnet-resized/metal/metal309.jpg,metal,2
data/Trashnet-resized/metal/metal123.jpg,metal,2
data/Trashnet-resized/metal/metal243.jpg,metal,2
data/Trashnet-resized/glass/glass279.jpg,glass,1
data/Trashnet-resized/paper/paper191.jpg,paper,3
data/Trashnet-resized/glass/glass324.jpg,glass,1
data/Trashnet-resized/paper/paper498.jpg,paper,3
data/Trashnet-resized/metal/metal160.jpg,metal,2
data/Trashnet-resized/metal/metal294.jpg,metal,2
data/Trashnet-resized/glass/glass184.jpg,glass,1
data/Trashnet-resized/plastic/plastic301.jpg,plastic,4
data/Trashnet-resized/paper/paper217.jpg,paper,3
data/Trashnet-resized/plastic/plastic109.jpg,plastic,4
data/Trashnet-resized/plastic/plastic275.jpg,plastic,4
data/Trashnet-resized/glass/glass270.jpg,glass,1
data/Trashnet-resized/plastic/plastic343.jpg,plastic,4
data/Trashnet-resized/cardboard/cardboard101.jpg,cardboard,0
data/Trashnet-resized/paper/paper190.jpg,paper,3
data/Trashnet-resized/plastic/plastic84.jpg,plastic,4
data/Trashnet-resized/cardboard/cardboard395.jpg,cardboard,0
data/Trashnet-resized/glass/glass4.jpg,glass,1
data/Trashnet-resized/plastic/plastic352.jpg,plastic,4
data/Trashnet-resized/metal/metal41.jpg,metal,2
data/Trashnet-resized/paper/paper245.jpg,paper,3
data/Trashnet-resized/glass/glass393.jpg,glass,1
data/Trashnet-resized/paper/paper6.jpg,paper,3
data/Trashnet-resized/glass/glass96.jpg,glass,1
data/Trashnet-resized/plastic/plastic467.jpg,plastic,4
data/Trashnet-resized/paper/paper108.jpg,paper,3
data/Trashnet-resized/plastic/plastic166.jpg,plastic,4
data/Trashnet-resized/paper/paper544.jpg,paper,3
data/Trashnet-resized/glass/glass381.jpg,glass,1
data/Trashnet-resized/plastic/plastic462.jpg,plastic,4
data/Trashnet-resized/plastic/plastic355.jpg,plastic,4
data/Trashnet-resized/metal/metal378.jpg,metal,2
data/Trashnet-resized/paper/paper383.jpg,paper,3
data/Trashnet-resized/paper/paper583.jpg,paper,3
data/Trashnet-resized/cardboard/cardboard392.jpg,cardboard,0
data/Trashnet-resized/paper/paper174.jpg,paper,3
data/Trashnet-resized/paper/paper361.jpg,paper,3
data/Trashnet-resized/cardboard/cardboard150.jpg,cardboard,0
data/Trashnet-resized/plastic/plastic256.jpg,plastic,4
data/Trashnet-resized/metal/metal55.jpg,metal,2
data/Trashnet-resized/trash/trash126.jpg,trash,5
data/Trashnet-resized/cardboard/cardboard359.jpg,cardboard,0
data/Trashnet-resized/metal/metal301.jpg,metal,2
data/Trashnet-resized/paper/paper73.jpg,paper,3
data/Trashnet-resized/paper/paper556.jpg,paper,3
data/Trashnet-resized/cardboard/cardboard116.jpg,cardboard,0
data/Trashnet-resized/glass/glass343.jpg,glass,1
data/Trashnet-resized/cardboard/cardboard198.jpg,cardboard,0
data/Trashnet-resized/paper/paper564.jpg,paper,3
data/Trashnet-resized/trash/trash114.jpg,trash,5
data/Trashnet-resized/trash/trash120.jpg,trash,5
data/Trashnet-resized/plastic/plastic91.jpg,plastic,4
data/Trashnet-resized/trash/trash123.jpg,trash,5
data/Trashnet-resized/plastic/plastic152.jpg,plastic,4
data/Trashnet-resized/cardboard/cardboard384.jpg,cardboard,0
data/Trashnet-resized/trash/trash108.jpg,trash,5
data/Trashnet-resized/plastic/plastic221.jpg,plastic,4
data/Trashnet-resized/paper/paper186.jpg,paper,3
data/Trashnet-resized/glass/glass106.jpg,glass,1
data/Trashnet-resized/metal/metal183.jpg,metal,2
data/Trashnet-resized/cardboard/cardboard383.jpg,cardboard,0
data/Trashnet-resized/paper/paper594.jpg,paper,3
data/Trashnet-resized/plastic/plastic432.jpg,plastic,4
data/Trashnet-resized/plastic/plastic294.jpg,plastic,4
data/Trashnet-resized/plastic/plastic29.jpg,plastic,4
data/Trashnet-resized/metal/metal186.jpg,metal,2
data/Trashnet-resized/paper/paper9.jpg,paper,3
data/Trashnet-resized/paper/paper468.jpg,paper,3
data/Trashnet-resized/plastic/plastic114.jpg,plastic,4
data/Trashnet-resized/paper/paper562.jpg,paper,3
data/Trashnet-resized/paper/paper580.jpg,paper,3
data/Trashnet-resized/plastic/plastic331.jpg,plastic,4
data/Trashnet-resized/metal/metal85.jpg,metal,2
data/Trashnet-resized/metal/metal61.jpg,metal,2
data/Trashnet-resized/glass/glass271.jpg,glass,1
data/Trashnet-resized/plastic/plastic375.jpg,plastic,4
data/Trashnet-resized/plastic/plastic338.jpg,plastic,4
data/Trashnet-resized/cardboard/cardboard164.jpg,cardboard,0
data/Trashnet-resized/metal/metal222.jpg,metal,2
data/Trashnet-resized/glass/glass414.jpg,glass,1
data/Trashnet-resized/paper/paper148.jpg,paper,3
data/Trashnet-resized/paper/paper132.jpg,paper,3
data/Trashnet-resized/cardboard/cardboard300.jpg,cardboard,0
data/Trashnet-resized/paper/paper55.jpg,paper,3
data/Trashnet-resized/glass/glass121.jpg,glass,1
data/Trashnet-resized/paper/paper561.jpg,paper,3
data/Trashnet-resized/paper/paper94.jpg,paper,3
data/Trashnet-resized/metal/metal158.jpg,metal,2
data/Trashnet-resized/metal/metal349.jpg,metal,2
data/Trashnet-resized/glass/glass126.jpg,glass,1
data/Trashnet-resized/cardboard/cardboard249.jpg,cardboard,0
data/Trashnet-resized/trash/trash5.jpg,trash,5
data/Trashnet-resized/glass/glass135.jpg,glass,1
data/Trashnet-resized/cardboard/cardboard375.jpg,cardboard,0
data/Trashnet-resized/plastic/plastic27.jpg,plastic,4
data/Trashnet-resized/paper/paper236.jpg,paper,3
data/Trashnet-resized/paper/paper291.jpg,paper,3
data/Trashnet-resized/metal/metal259.jpg,metal,2
data/Trashnet-resized/metal/metal347.jpg,metal,2
data/Trashnet-resized/metal/metal276.jpg,metal,2
data/Trashnet-resized/cardboard/cardboard214.jpg,cardboard,0
data/Trashnet-resized/metal/metal80.jpg,metal,2
data/Trashnet-resized/metal/metal277.jpg,metal,2
data/Trashnet-resized/paper/paper143.jpg,paper,3
data/Trashnet-resized/metal/metal151.jpg,metal,2
data/Trashnet-resized/paper/paper139.jpg,paper,3
data/Trashnet-resized/plastic/plastic12.jpg,plastic,4
data/Trashnet-resized/paper/paper136.jpg,paper,3
data/Trashnet-resized/metal/metal383.jpg,metal,2
data/Trashnet-resized/plastic/plastic348.jpg,plastic,4
data/Trashnet-resized/paper/paper519.jpg,paper,3
data/Trashnet-resized/cardboard/cardboard276.jpg,cardboard,0
data/Trashnet-resized/glass/glass500.jpg,glass,1
data/Trashnet-resized/plastic/plastic319.jpg,plastic,4
data/Trashnet-resized/cardboard/cardboard19.jpg,cardboard,0
data/Trashnet-resized/cardboard/cardboard320.jpg,cardboard,0
data/Trashnet-resized/metal/metal101.jpg,metal,2
data/Trashnet-resized/paper/paper27.jpg,paper,3
data/Trashnet-resized/trash/trash49.jpg,trash,5
data/Trashnet-resized/paper/paper524.jpg,paper,3
data/Trashnet-resized/metal/metal342.jpg,metal,2
data/Trashnet-resized/paper/paper306.jpg,paper,3
data/Trashnet-resized/glass/glass446.jpg,glass,1
data/Trashnet-resized/paper/paper347.jpg,paper,3
data/Trashnet-resized/cardboard/cardboard24.jpg,cardboard,0
data/Trashnet-resized/plastic/plastic136.jpg,plastic,4
data/Trashnet-resized/plastic/plastic247.jpg,plastic,4
data/Trashnet-resized/glass/glass431.jpg,glass,1
data/Trashnet-resized/paper/paper259.jpg,paper,3
data/Trashnet-resized/cardboard/cardboard309.jpg,cardboard,0
data/Trashnet-resized/cardboard/cardboard126.jpg,cardboard,0
data/Trashnet-resized/metal/metal387.jpg,metal,2
data/Trashnet-resized/paper/paper261.jpg,paper,3
data/Trashnet-resized/glass/glass373.jpg,glass,1
data/Trashnet-resized/paper/paper390.jpg,paper,3
data/Trashnet-resized/metal/metal86.jpg,metal,2
data/Trashnet-resized/paper/paper255.jpg,paper,3
data/Trashnet-resized/cardboard/cardboard173.jpg,cardboard,0
data/Trashnet-resized/cardboard/cardboard327.jpg,cardboard,0
data/Trashnet-resized/paper/paper3.jpg,paper,3
data/Trashnet-resized/metal/metal137.jpg,metal,2
data/Trashnet-resized/plastic/plastic11.jpg,plastic,4
data/Trashnet-resized/cardboard/cardboard134.jpg,cardboard,0
data/Trashnet-resized/plastic/plastic56.jpg,plastic,4
data/Trashnet-resized/cardboard/cardboard377.jpg,cardboard,0
data/Trashnet-resized/cardboard/cardboard271.jpg,cardboard,0
data/Trashnet-resized/cardboard/cardboard326.jpg,cardboard,0
data/Trashnet-resized/paper/paper38.jpg,paper,3
data/Trashnet-resized/trash/trash96.jpg,trash,5
data/Trashnet-resized/paper/paper2.jpg,paper,3
data/Trashnet-resized/metal/metal199.jpg,metal,2
data/Trashnet-resized/glass/glass340.jpg,glass,1
data/Trashnet-resized/plastic/plastic242.jpg,plastic,4
data/Trashnet-resized/paper/paper10.jpg,paper,3
data/Trashnet-resized/plastic/plastic117.jpg,plastic,4
data/Trashnet-resized/paper/paper215.jpg,paper,3
data/Trashnet-resized/paper/paper322.jpg,paper,3
data/Trashnet-resized/metal/metal197.jpg,metal,2
data/Trashnet-resized/plastic/plastic72.jpg,plastic,4
data/Trashnet-resized/metal/metal266.jpg,metal,2
data/Trashnet-resized/paper/paper152.jpg,paper,3
data/Trashnet-resized/cardboard/cardboard155.jpg,cardboard,0
data/Trashnet-resized/paper/paper497.jpg,paper,3
data/Trashnet-resized/metal/metal320.jpg,metal,2
data/Trashnet-resized/cardboard/cardboard33.jpg,cardboard,0
data/Trashnet-resized/paper/paper162.jpg,paper,3
data/Trashnet-resized/glass/glass90.jpg,glass,1
data/Trashnet-resized/plastic/plastic232.jpg,plastic,4
data/Trashnet-resized/plastic/plastic50.jpg,plastic,4
data/Trashnet-resized/metal/metal171.jpg,metal,2
data/Trashnet-resized/cardboard/cardboard337.jpg,cardboard,0
data/Trashnet-resized/paper/paper57.jpg,paper,3
data/Trashnet-resized/plastic/plastic190.jpg,plastic,4
data/Trashnet-resized/cardboard/cardboard283.jpg,cardboard,0
data/Trashnet-resized/plastic/plastic207.jpg,plastic,4
data/Trashnet-resized/glass/glass471.jpg,glass,1
data/Trashnet-resized/glass/glass212.jpg,glass,1
data/Trashnet-resized/trash/trash128.jpg,trash,5
data/Trashnet-resized/glass/glass218.jpg,glass,1
data/Trashnet-resized/cardboard/cardboard329.jpg,cardboard,0
data/Trashnet-resized/glass/glass368.jpg,glass,1
data/Trashnet-resized/paper/paper138.jpg,paper,3
data/Trashnet-resized/plastic/plastic195.jpg,plastic,4
data/Trashnet-resized/paper/paper266.jpg,paper,3
data/Trashnet-resized/trash/trash73.jpg,trash,5
data/Trashnet-resized/metal/metal238.jpg,metal,2
data/Trashnet-resized/paper/paper295.jpg,paper,3
data/Trashnet-resized/paper/paper287.jpg,paper,3
data/Trashnet-resized/glass/glass13.jpg,glass,1
data/Trashnet-resized/glass/glass187.jpg,glass,1
data/Trashnet-resized/paper/paper166.jpg,paper,3
data/Trashnet-resized/paper/paper281.jpg,paper,3
data/Trashnet-resized/plastic/plastic465.jpg,plastic,4
data/Trashnet-resized/plastic/plastic123.jpg,plastic,4
data/Trashnet-resized/paper/paper568.jpg,paper,3
data/Trashnet-resized/paper/paper212.jpg,paper,3
data/Trashnet-resized/glass/glass197.jpg,glass,1
data/Trashnet-resized/metal/metal81.jpg,metal,2
data/Trashnet-resized/metal/metal298.jpg,metal,2
data/Trashnet-resized/plastic/plastic394.jpg,plastic,4
data/Trashnet-resized/glass/glass338.jpg,glass,1
data/Trashnet-resized/plastic/plastic201.jpg,plastic,4
data/Trashnet-resized/cardboard/cardboard152.jpg,cardboard,0
data/Trashnet-resized/paper/paper445.jpg,paper,3
data/Trashnet-resized/plastic/plastic339.jpg,plastic,4
data/Trashnet-resized/metal/metal291.jpg,metal,2
data/Trashnet-resized/cardboard/cardboard186.jpg,cardboard,0
data/Trashnet-resized/metal/metal49.jpg,metal,2
data/Trashnet-resized/plastic/plastic217.jpg,plastic,4
data/Trashnet-resized/plastic/plastic230.jpg,plastic,4
data/Trashnet-resized/paper/paper84.jpg,paper,3
data/Trashnet-resized/cardboard/cardboard344.jpg,cardboard,0
data/Trashnet-resized/cardboard/cardboard379.jpg,cardboard,0
data/Trashnet-resized/metal/metal9.jpg,metal,2
data/Trashnet-resized/glass/glass334.jpg,glass,1
data/Trashnet-resized/plastic/plastic409.jpg,plastic,4
data/Trashnet-resized/metal/metal27.jpg,metal,2
data/Trashnet-resized/metal/metal370.jpg,metal,2
data/Trashnet-resized/paper/paper425.jpg,paper,3
data/Trashnet-resized/cardboard/cardboard278.jpg,cardboard,0
data/Trashnet-resized/cardboard/cardboard111.jpg,cardboard,0
data/Trashnet-resized/metal/metal316.jpg,metal,2
data/Trashnet-resized/paper/paper8.jpg,paper,3
data/Trashnet-resized/cardboard/cardboard131.jpg,cardboard,0
data/Trashnet-resized/glass/glass18.jpg,glass,1
data/Trashnet-resized/paper/paper489.jpg,paper,3
data/Trashnet-resized/trash/trash98.jpg,trash,5
data/Trashnet-resized/paper/paper225.jpg,paper,3
data/Trashnet-resized/paper/paper68.jpg,paper,3
data/Trashnet-resized/plastic/plastic251.jpg,plastic,4
data/Trashnet-resized/cardboard/cardboard397.jpg,cardboard,0
data/Trashnet-resized/metal/metal13.jpg,metal,2
data/Trashnet-resized/cardboard/cardboard63.jpg,cardboard,0
data/Trashnet-resized/metal/metal134.jpg,metal,2
data/Trashnet-resized/paper/paper137.jpg,paper,3
data/Trashnet-resized/metal/metal388.jpg,metal,2
data/Trashnet-resized/paper/paper369.jpg,paper,3
data/Trashnet-resized/trash/trash40.jpg,trash,5
data/Trashnet-resized/glass/glass47.jpg,glass,1
data/Trashnet-resized/glass/glass149.jpg,glass,1
data/Trashnet-resized/glass/glass141.jpg,glass,1
data/Trashnet-resized/cardboard/cardboard13.jpg,cardboard,0
data/Trashnet-resized/metal/metal404.jpg,metal,2
data/Trashnet-resized/paper/paper423.jpg,paper,3
data/Trashnet-resized/glass/glass427.jpg,glass,1
data/Trashnet-resized/plastic/plastic395.jpg,plastic,4
data/Trashnet-resized/paper/paper520.jpg,paper,3
data/Trashnet-resized/glass/glass467.jpg,glass,1
data/Trashnet-resized/plastic/plastic481.jpg,plastic,4
data/Trashnet-resized/trash/trash121.jpg,trash,5
data/Trashnet-resized/plastic/plastic74.jpg,plastic,4
data/Trashnet-resized/paper/paper280.jpg,paper,3
data/Trashnet-resized/glass/glass119.jpg,glass,1
data/Trashnet-resized/plastic/plastic415.jpg,plastic,4
data/Trashnet-resized/glass/glass473.jpg,glass,1
data/Trashnet-resized/glass/glass194.jpg,glass,1
data/Trashnet-resized/cardboard/cardboard39.jpg,cardboard,0
data/Trashnet-resized/plastic/plastic270.jpg,plastic,4
data/Trashnet-resized/paper/paper22.jpg,paper,3
data/Trashnet-resized/cardboard/cardboard44.jpg,cardboard,0
data/Trashnet-resized/paper/paper471.jpg,paper,3
data/Trashnet-resized/plastic/plastic95.jpg,plastic,4
data/Trashnet-resized/paper/paper337.jpg,paper,3
data/Trashnet-resized/paper/paper100.jpg,paper,3
data/Trashnet-resized/glass/glass288.jpg,glass,1
data/Trashnet-resized/glass/glass356.jpg,glass,1
data/Trashnet-resized/glass/glass339.jpg,glass,1
data/Trashnet-resized/metal/metal231.jpg,metal,2
data/Trashnet-resized/paper/paper237.jpg,paper,3
data/Trashnet-resized/paper/paper150.jpg,paper,3
data/Trashnet-resized/glass/glass245.jpg,glass,1
data/Trashnet-resized/cardboard/cardboard346.jpg,cardboard,0
data/Trashnet-resized/glass/glass147.jpg,glass,1
data/Trashnet-resized/glass/glass241.jpg,glass,1
data/Trashnet-resized/paper/paper463.jpg,paper,3
data/Trashnet-resized/glass/glass207.jpg,glass,1
data/Trashnet-resized/paper/paper177.jpg,paper,3
data/Trashnet-resized/plastic/plastic229.jpg,plastic,4
data/Trashnet-resized/metal/metal237.jpg,metal,2
data/Trashnet-resized/glass/glass88.jpg,glass,1
data/Trashnet-resized/paper/paper77.jpg,paper,3
data/Trashnet-resized/metal/metal50.jpg,metal,2
data/Trashnet-resized/paper/paper461.jpg,paper,3
data/Trashnet-resized/cardboard/cardboard221.jpg,cardboard,0
data/Trashnet-resized/paper/paper516.jpg,paper,3
data/Trashnet-resized/cardboard/cardboard38.jpg,cardboard,0
data/Trashnet-resized/metal/metal110.jpg,metal,2
data/Trashnet-resized/glass/glass472.jpg,glass,1
data/Trashnet-resized/plastic/plastic315.jpg,plastic,4
data/Trashnet-resized/paper/paper411.jpg,paper,3
data/Trashnet-resized/cardboard/cardboard286.jpg,cardboard,0
data/Trashnet-resized/paper/paper370.jpg,paper,3
data/Trashnet-resized/glass/glass84.jpg,glass,1
data/Trashnet-resized/plastic/plastic328.jpg,plastic,4
data/Trashnet-resized/plastic/plastic62.jpg,plastic,4
data/Trashnet-resized/glass/glass233.jpg,glass,1
data/Trashnet-resized/trash/trash72.jpg,trash,5
data/Trashnet-resized/trash/trash29.jpg,trash,5
data/Trashnet-resized/metal/metal177.jpg,metal,2
data/Trashnet-resized/cardboard/cardboard104.jpg,cardboard,0
data/Trashnet-resized/cardboard/cardboard354.jpg,cardboard,0
data/Trashnet-resized/glass/glass336.jpg,glass,1
data/Trashnet-resized/plastic/plastic149.jpg,plastic,4
data/Trashnet-resized/paper/paper528.jpg,paper,3
data/Trashnet-resized/trash/trash25.jpg,trash,5
data/Trashnet-resized/trash/trash69.jpg,trash,5
data/Trashnet-resized/cardboard/cardboard361.jpg,cardboard,0
data/Trashnet-resized/plastic/plastic106.jpg,plastic,4
data/Trashnet-resized/glass/glass487.jpg,glass,1
data/Trashnet-resized/paper/paper292.jpg,paper,3
data/Trashnet-resized/trash/trash31.jpg,trash,5
data/Trashnet-resized/glass/glass174.jpg,glass,1
data/Trashnet-resized/paper/paper172.jpg,paper,3
data/Trashnet-resized/cardboard/cardboard188.jpg,cardboard,0
data/Trashnet-resized/glass/glass40.jpg,glass,1
data/Trashnet-resized/paper/paper95.jpg,paper,3
data/Trashnet-resized/trash/trash34.jpg,trash,5
data/Trashnet-resized/metal/metal46.jpg,metal,2
data/Trashnet-resized/trash/trash9.jpg,trash,5
data/Trashnet-resized/metal/metal176.jpg,metal,2
data/Trashnet-resized/metal/metal386.jpg,metal,2
data/Trashnet-resized/plastic/plastic476.jpg,plastic,4
data/Trashnet-resized/paper/paper421.jpg,paper,3
data/Trashnet-resized/metal/metal54.jpg,metal,2
data/Trashnet-resized/glass/glass41.jpg,glass,1
data/Trashnet-resized/trash/trash110.jpg,trash,5
data/Trashnet-resized/cardboard/cardboard169.jpg,cardboard,0
data/Trashnet-resized/paper/paper469.jpg,paper,3
data/Trashnet-resized/paper/paper298.jpg,paper,3
data/Trashnet-resized/metal/metal32.jpg,metal,2
data/Trashnet-resized/plastic/plastic226.jpg,plastic,4
data/Trashnet-resized/paper/paper134.jpg,paper,3
data/Trashnet-resized/glass/glass496.jpg,glass,1
data/Trashnet-resized/plastic/plastic399.jpg,plastic,4
data/Trashnet-resized/plastic/plastic381.jpg,plastic,4
data/Trashnet-resized/glass/glass226.jpg,glass,1
data/Trashnet-resized/plastic/plastic259.jpg,plastic,4
data/Trashnet-resized/trash/trash6.jpg,trash,5
data/Trashnet-resized/metal/metal226.jpg,metal,2
data/Trashnet-resized/metal/metal410.jpg,metal,2
data/Trashnet-resized/glass/glass133.jpg,glass,1
data/Trashnet-resized/paper/paper82.jpg,paper,3
data/Trashnet-resized/paper/paper382.jpg,paper,3
data/Trashnet-resized/metal/metal225.jpg,metal,2
data/Trashnet-resized/trash/trash53.jpg,trash,5
data/Trashnet-resized/paper/paper511.jpg,paper,3
data/Trashnet-resized/cardboard/cardboard340.jpg,cardboard,0
data/Trashnet-resized/paper/paper447.jpg,paper,3
data/Trashnet-resized/plastic/plastic77.jpg,plastic,4
data/Trashnet-resized/paper/paper534.jpg,paper,3
data/Trashnet-resized/glass/glass30.jpg,glass,1
data/Trashnet-resized/glass/glass433.jpg,glass,1
data/Trashnet-resized/plastic/plastic422.jpg,plastic,4
data/Trashnet-resized/paper/paper376.jpg,paper,3
data/Trashnet-resized/cardboard/cardboard272.jpg,cardboard,0
data/Trashnet-resized/metal/metal51.jpg,metal,2
data/Trashnet-resized/paper/paper379.jpg,paper,3
data/Trashnet-resized/glass/glass412.jpg,glass,1
data/Trashnet-resized/paper/paper536.jpg,paper,3
data/Trashnet-resized/plastic/plastic405.jpg,plastic,4
data/Trashnet-resized/metal/metal53.jpg,metal,2
data/Trashnet-resized/plastic/plastic451.jpg,plastic,4
data/Trashnet-resized/glass/glass261.jpg,glass,1
data/Trashnet-resized/metal/metal146.jpg,metal,2
data/Trashnet-resized/cardboard/cardboard237.jpg,cardboard,0
data/Trashnet-resized/glass/glass477.jpg,glass,1
data/Trashnet-resized/plastic/plastic402.jpg,plastic,4
data/Trashnet-resized/glass/glass165.jpg,glass,1
data/Trashnet-resized/plastic/plastic347.jpg,plastic,4
data/Trashnet-resized/glass/glass436.jpg,glass,1
data/Trashnet-resized/plastic/plastic271.jpg,plastic,4
data/Trashnet-resized/metal/metal209.jpg,metal,2
data/Trashnet-resized/trash/trash89.jpg,trash,5
data/Trashnet-resized/glass/glass419.jpg,glass,1
data/Trashnet-resized/glass/glass221.jpg,glass,1
data/Trashnet-resized/paper/paper5.jpg,paper,3
data/Trashnet-resized/plastic/plastic281.jpg,plastic,4
data/Trashnet-resized/plastic/plastic75.jpg,plastic,4
data/Trashnet-resized/paper/paper123.jpg,paper,3
data/Trashnet-resized/metal/metal205.jpg,metal,2
data/Trashnet-resized/metal/metal73.jpg,metal,2
data/Trashnet-resized/paper/paper293.jpg,paper,3
data/Trashnet-resized/metal/metal254.jpg,metal,2
data/Trashnet-resized/metal/metal39.jpg,metal,2
data/Trashnet-resized/cardboard/cardboard154.jpg,cardboard,0
data/Trashnet-resized/glass/glass474.jpg,glass,1
data/Trashnet-resized/plastic/plastic24.jpg,plastic,4
data/Trashnet-resized/paper/paper420.jpg,paper,3
data/Trashnet-resized/metal/metal278.jpg,metal,2
data/Trashnet-resized/cardboard/cardboard269.jpg,cardboard,0
data/Trashnet-resized/trash/trash101.jpg,trash,5
data/Trashnet-resized/plastic/plastic63.jpg,plastic,4
data/Trashnet-resized/plastic/plastic82.jpg,plastic,4
data/Trashnet-resized/paper/paper380.jpg,paper,3
data/Trashnet-resized/paper/paper510.jpg,paper,3
data/Trashnet-resized/glass/glass367.jpg,glass,1
data/Trashnet-resized/cardboard/cardboard6.jpg,cardboard,0
data/Trashnet-resized/metal/metal319.jpg,metal,2
data/Trashnet-resized/glass/glass365.jpg,glass,1
data/Trashnet-resized/cardboard/cardboard98.jpg,cardboard,0
data/Trashnet-resized/metal/metal393.jpg,metal,2
data/Trashnet-resized/glass/glass180.jpg,glass,1
data/Trashnet-resized/glass/glass280.jpg,glass,1
data/Trashnet-resized/plastic/plastic288.jpg,plastic,4
data/Trashnet-resized/cardboard/cardboard270.jpg,cardboard,0
data/Trashnet-resized/glass/glass179.jpg,glass,1
data/Trashnet-resized/paper/paper40.jpg,paper,3
data/Trashnet-resized/cardboard/cardboard122.jpg,cardboard,0
data/Trashnet-resized/plastic/plastic361.jpg,plastic,4
data/Trashnet-resized/glass/glass312.jpg,glass,1
data/Trashnet-resized/paper/paper578.jpg,paper,3
data/Trashnet-resized/cardboard/cardboard162.jpg,cardboard,0
data/Trashnet-resized/metal/metal408.jpg,metal,2
data/Trashnet-resized/glass/glass134.jpg,glass,1
data/Trashnet-resized/plastic/plastic53.jpg,plastic,4
data/Trashnet-resized/cardboard/cardboard132.jpg,cardboard,0
data/Trashnet-resized/glass/glass390.jpg,glass,1
data/Trashnet-resized/glass/glass492.jpg,glass,1
data/Trashnet-resized/glass/glass240.jpg,glass,1
data/Trashnet-resized/paper/paper230.jpg,paper,3
data/Trashnet-resized/paper/paper164.jpg,paper,3
data/Trashnet-resized/glass/glass304.jpg,glass,1
data/Trashnet-resized/metal/metal92.jpg,metal,2
data/Trashnet-resized/glass/glass465.jpg,glass,1
data/Trashnet-resized/paper/paper209.jpg,paper,3
data/Trashnet-resized/paper/paper187.jpg,paper,3
data/Trashnet-resized/paper/paper206.jpg,paper,3
data/Trashnet-resized/trash/trash136.jpg,trash,5
data/Trashnet-resized/glass/glass92.jpg,glass,1
data/Trashnet-resized/plastic/plastic356.jpg,plastic,4
data/Trashnet-resized/paper/paper346.jpg,paper,3
data/Trashnet-resized/plastic/plastic396.jpg,plastic,4
data/Trashnet-resized/plastic/plastic49.jpg,plastic,4
data/Trashnet-resized/plastic/plastic252.jpg,plastic,4
data/Trashnet-resized/paper/paper114.jpg,paper,3
data/Trashnet-resized/glass/glass405.jpg,glass,1
data/Trashnet-resized/paper/paper219.jpg,paper,3
data/Trashnet-resized/metal/metal282.jpg,metal,2
data/Trashnet-resized/paper/paper149.jpg,paper,3
data/Trashnet-resized/glass/glass459.jpg,glass,1
data/Trashnet-resized/paper/paper581.jpg,paper,3
data/Trashnet-resized/cardboard/cardboard357.jpg,cardboard,0
data/Trashnet-resized/paper/paper441.jpg,paper,3
data/Trashnet-resized/cardboard/cardboard117.jpg,cardboard,0
data/Trashnet-resized/glass/glass460.jpg,glass,1
data/Trashnet-resized/plastic/plastic173.jpg,plastic,4
data/Trashnet-resized/metal/metal37.jpg,metal,2
data/Trashnet-resized/cardboard/cardboard49.jpg,cardboard,0
data/Trashnet-resized/metal/metal178.jpg,metal,2
data/Trashnet-resized/metal/metal368.jpg,metal,2
data/Trashnet-resized/glass/glass211.jpg,glass,1
data/Trashnet-resized/paper/paper359.jpg,paper,3
data/Trashnet-resized/glass/glass216.jpg,glass,1
data/Trashnet-resized/glass/glass238.jpg,glass,1
data/Trashnet-resized/paper/paper296.jpg,paper,3
data/Trashnet-resized/metal/metal203.jpg,metal,2
data/Trashnet-resized/paper/paper408.jpg,paper,3
data/Trashnet-resized/paper/paper507.jpg,paper,3
data/Trashnet-resized/glass/glass369.jpg,glass,1
data/Trashnet-resized/plastic/plastic438.jpg,plastic,4
data/Trashnet-resized/paper/paper523.jpg,paper,3
data/Trashnet-resized/metal/metal285.jpg,metal,2
data/Trashnet-resized/metal/metal200.jpg,metal,2
data/Trashnet-resized/plastic/plastic215.jpg,plastic,4
data/Trashnet-resized/paper/paper396.jpg,paper,3
data/Trashnet-resized/paper/paper593.jpg,paper,3
data/Trashnet-resized/cardboard/cardboard355.jpg,cardboard,0
data/Trashnet-resized/paper/paper567.jpg,paper,3
data/Trashnet-resized/glass/glass302.jpg,glass,1
data/Trashnet-resized/metal/metal139.jpg,metal,2
data/Trashnet-resized/paper/paper492.jpg,paper,3
data/Trashnet-resized/cardboard/cardboard266.jpg,cardboard,0
data/Trashnet-resized/trash/trash42.jpg,trash,5
data/Trashnet-resized/glass/glass168.jpg,glass,1
data/Trashnet-resized/cardboard/cardboard102.jpg,cardboard,0
data/Trashnet-resized/plastic/plastic141.jpg,plastic,4
data/Trashnet-resized/metal/metal261.jpg,metal,2
data/Trashnet-resized/glass/glass19.jpg,glass,1
data/Trashnet-resized/cardboard/cardboard277.jpg,cardboard,0
data/Trashnet-resized/plastic/plastic241.jpg,plastic,4
data/Trashnet-resized/metal/metal113.jpg,metal,2
data/Trashnet-resized/metal/metal317.jpg,metal,2
data/Trashnet-resized/glass/glass161.jpg,glass,1
data/Trashnet-resized/plastic/plastic358.jpg,plastic,4
data/Trashnet-resized/plastic/plastic171.jpg,plastic,4
data/Trashnet-resized/glass/glass443.jpg,glass,1
data/Trashnet-resized/glass/glass127.jpg,glass,1
data/Trashnet-resized/trash/trash67.jpg,trash,5
data/Trashnet-resized/glass/glass319.jpg,glass,1
data/Trashnet-resized/cardboard/cardboard69.jpg,cardboard,0
data/Trashnet-resized/plastic/plastic452.jpg,plastic,4
data/Trashnet-resized/paper/paper586.jpg,paper,3
data/Trashnet-resized/cardboard/cardboard353.jpg,cardboard,0
data/Trashnet-resized/metal/metal366.jpg,metal,2
data/Trashnet-resized/glass/glass224.jpg,glass,1
data/Trashnet-resized/glass/glass265.jpg,glass,1
data/Trashnet-resized/glass/glass294.jpg,glass,1
data/Trashnet-resized/paper/paper397.jpg,paper,3
data/Trashnet-resized/paper/paper131.jpg,paper,3
data/Trashnet-resized/glass/glass342.jpg,glass,1
data/Trashnet-resized/paper/paper457.jpg,paper,3
data/Trashnet-resized/cardboard/cardboard279.jpg,cardboard,0
data/Trashnet-resized/glass/glass406.jpg,glass,1
data/Trashnet-resized/plastic/plastic417.jpg,plastic,4
data/Trashnet-resized/cardboard/cardboard40.jpg,cardboard,0
data/Trashnet-resized/metal/metal28.jpg,metal,2
data/Trashnet-resized/metal/metal323.jpg,metal,2
data/Trashnet-resized/paper/paper521.jpg,paper,3
data/Trashnet-resized/cardboard/cardboard341.jpg,cardboard,0
data/Trashnet-resized/plastic/plastic144.jpg,plastic,4
data/Trashnet-resized/cardboard/cardboard317.jpg,cardboard,0
data/Trashnet-resized/glass/glass293.jpg,glass,1
data/Trashnet-resized/plastic/plastic18.jpg,plastic,4
data/Trashnet-resized/paper/paper288.jpg,paper,3
data/Trashnet-resized/cardboard/cardboard142.jpg,cardboard,0
data/Trashnet-resized/trash/trash112.jpg,trash,5
data/Trashnet-resized/glass/glass344.jpg,glass,1
data/Trashnet-resized/plastic/plastic167.jpg,plastic,4
data/Trashnet-resized/cardboard/cardboard183.jpg,cardboard,0
data/Trashnet-resized/metal/metal212.jpg,metal,2
data/Trashnet-resized/metal/metal329.jpg,metal,2
data/Trashnet-resized/plastic/plastic389.jpg,plastic,4
data/Trashnet-resized/plastic/plastic255.jpg,plastic,4
data/Trashnet-resized/metal/metal211.jpg,metal,2
data/Trashnet-resized/glass/glass37.jpg,glass,1
data/Trashnet-resized/plastic/plastic208.jpg,plastic,4
data/Trashnet-resized/plastic/plastic218.jpg,plastic,4
data/Trashnet-resized/plastic/plastic335.jpg,plastic,4
data/Trashnet-resized/paper/paper452.jpg,paper,3
data/Trashnet-resized/cardboard/cardboard53.jpg,cardboard,0
data/Trashnet-resized/paper/paper311.jpg,paper,3
data/Trashnet-resized/paper/paper358.jpg,paper,3
data/Trashnet-resized/glass/glass75.jpg,glass,1
data/Trashnet-resized/paper/paper161.jpg,paper,3
data/Trashnet-resized/plastic/plastic327.jpg,plastic,4
data/Trashnet-resized/cardboard/cardboard22.jpg,cardboard,0
data/Trashnet-resized/glass/glass330.jpg,glass,1
data/Trashnet-resized/paper/paper290.jpg,paper,3
data/Trashnet-resized/trash/trash45.jpg,trash,5
data/Trashnet-resized/paper/paper260.jpg,paper,3
data/Trashnet-resized/cardboard/cardboard347.jpg,cardboard,0
data/Trashnet-resized/paper/paper563.jpg,paper,3
data/Trashnet-resized/plastic/plastic250.jpg,plastic,4
data/Trashnet-resized/plastic/plastic433.jpg,plastic,4
data/Trashnet-resized/plastic/plastic44.jpg,plastic,4
data/Trashnet-resized/paper/paper241.jpg,paper,3
data/Trashnet-resized/trash/trash4.jpg,trash,5
data/Trashnet-resized/plastic/plastic7.jpg,plastic,4
data/Trashnet-resized/glass/glass378.jpg,glass,1
data/Trashnet-resized/trash/trash59.jpg,trash,5
data/Trashnet-resized/plastic/plastic236.jpg,plastic,4
data/Trashnet-resized/metal/metal66.jpg,metal,2
data/Trashnet-resized/cardboard/cardboard64.jpg,cardboard,0
data/Trashnet-resized/metal/metal192.jpg,metal,2
data/Trashnet-resized/plastic/plastic20.jpg,plastic,4
data/Trashnet-resized/metal/metal140.jpg,metal,2
data/Trashnet-resized/trash/trash103.jpg,trash,5
data/Trashnet-resized/paper/paper246.jpg,paper,3
data/Trashnet-resized/plastic/plastic214.jpg,plastic,4
data/Trashnet-resized/glass/glass397.jpg,glass,1
data/Trashnet-resized/cardboard/cardboard139.jpg,cardboard,0
data/Trashnet-resized/cardboard/cardboard230.jpg,cardboard,0
data/Trashnet-resized/paper/paper49.jpg,paper,3
data/Trashnet-resized/paper/paper126.jpg,paper,3
data/Trashnet-resized/plastic/plastic180.jpg,plastic,4
data/Trashnet-resized/paper/paper589.jpg,paper,3
data/Trashnet-resized/cardboard/cardboard213.jpg,cardboard,0
data/Trashnet-resized/metal/metal124.jpg,metal,2
data/Trashnet-resized/paper/paper560.jpg,paper,3
data/Trashnet-resized/trash/trash124.jpg,trash,5
data/Trashnet-resized/glass/glass156.jpg,glass,1
data/Trashnet-resized/paper/paper99.jpg,paper,3
data/Trashnet-resized/paper/paper558.jpg,paper,3
data/Trashnet-resized/metal/metal371.jpg,metal,2
data/Trashnet-resized/metal/metal72.jpg,metal,2
data/Trashnet-resized/glass/glass374.jpg,glass,1
data/Trashnet-resized/glass/glass437.jpg,glass,1
data/Trashnet-resized/plastic/plastic365.jpg,plastic,4
data/Trashnet-resized/paper/paper368.jpg,paper,3
data/Trashnet-resized/cardboard/cardboard234.jpg,cardboard,0
data/Trashnet-resized/paper/paper207.jpg,paper,3
data/Trashnet-resized/metal/metal365.jpg,metal,2
data/Trashnet-resized/paper/paper325.jpg,paper,3
data/Trashnet-resized/glass/glass424.jpg,glass,1
data/Trashnet-resized/paper/paper404.jpg,paper,3
data/Trashnet-resized/plastic/plastic382.jpg,plastic,4
data/Trashnet-resized/paper/paper307.jpg,paper,3
data/Trashnet-resized/cardboard/cardboard165.jpg,cardboard,0
data/Trashnet-resized/paper/paper33.jpg,paper,3
data/Trashnet-resized/glass/glass152.jpg,glass,1
data/Trashnet-resized/cardboard/cardboard211.jpg,cardboard,0
data/Trashnet-resized/plastic/plastic444.jpg,plastic,4
data/Trashnet-resized/cardboard/cardboard194.jpg,cardboard,0
data/Trashnet-resized/metal/metal307.jpg,metal,2
data/Trashnet-resized/glass/glass181.jpg,glass,1
data/Trashnet-resized/metal/metal145.jpg,metal,2
data/Trashnet-resized/metal/metal409.jpg,metal,2
data/Trashnet-resized/glass/glass297.jpg,glass,1
data/Trashnet-resized/paper/paper505.jpg,paper,3
data/Trashnet-resized/glass/glass140.jpg,glass,1
data/Trashnet-resized/metal/metal138.jpg,metal,2
data/Trashnet-resized/glass/glass323.jpg,glass,1
data/Trashnet-resized/paper/paper235.jpg,paper,3
data/Trashnet-resized/plastic/plastic107.jpg,plastic,4
data/Trashnet-resized/trash/trash7.jpg,trash,5
data/Trashnet-resized/glass/glass418.jpg,glass,1
data/Trashnet-resized/metal/metal77.jpg,metal,2
data/Trashnet-resized/glass/glass177.jpg,glass,1
data/Trashnet-resized/paper/paper407.jpg,paper,3
data/Trashnet-resized/glass/glass432.jpg,glass,1
data/Trashnet-resized/cardboard/cardboard8.jpg,cardboard,0
data/Trashnet-resized/paper/paper107.jpg,paper,3
data/Trashnet-resized/plastic/plastic253.jpg,plastic,4
data/Trashnet-resized/glass/glass371.jpg,glass,1
data/Trashnet-resized/cardboard/cardboard376.jpg,cardboard,0
data/Trashnet-resized/cardboard/cardboard247.jpg,cardboard,0
data/Trashnet-resized/glass/glass422.jpg,glass,1
data/Trashnet-resized/metal/metal331.jpg,metal,2
data/Trashnet-resized/glass/glass22.jpg,glass,1
data/Trashnet-resized/metal/metal166.jpg,metal,2
data/Trashnet-resized/plastic/plastic132.jpg,plastic,4
data/Trashnet-resized/glass/glass394.jpg,glass,1
data/Trashnet-resized/glass/glass254.jpg,glass,1
data/Trashnet-resized/metal/metal43.jpg,metal,2
data/Trashnet-resized/metal/metal148.jpg,metal,2
data/Trashnet-resized/plastic/plastic383.jpg,plastic,4
data/Trashnet-resized/paper/paper549.jpg,paper,3
data/Trashnet-resized/paper/paper119.jpg,paper,3
data/Trashnet-resized/plastic/plastic235.jpg,plastic,4
data/Trashnet-resized/paper/paper545.jpg,paper,3
data/Trashnet-resized/cardboard/cardboard137.jpg,cardboard,0
data/Trashnet-resized/glass/glass178.jpg,glass,1
data/Trashnet-resized/metal/metal314.jpg,metal,2
data/Trashnet-resized/paper/paper473.jpg,paper,3
data/Trashnet-resized/cardboard/cardboard382.jpg,cardboard,0
data/Trashnet-resized/metal/metal228.jpg,metal,2
data/Trashnet-resized/paper/paper39.jpg,paper,3
data/Trashnet-resized/metal/metal121.jpg,metal,2
data/Trashnet-resized/glass/glass117.jpg,glass,1
data/Trashnet-resized/glass/glass176.jpg,glass,1
data/Trashnet-resized/cardboard/cardboard105.jpg,cardboard,0
data/Trashnet-resized/plastic/plastic316.jpg,plastic,4
data/Trashnet-resized/metal/metal324.jpg,metal,2
data/Trashnet-resized/glass/glass287.jpg,glass,1
data/Trashnet-resized/cardboard/cardboard88.jpg,cardboard,0
data/Trashnet-resized/metal/metal188.jpg,metal,2
data/Trashnet-resized/paper/paper158.jpg,paper,3
data/Trashnet-resized/glass/glass195.jpg,glass,1
data/Trashnet-resized/plastic/plastic333.jpg,plastic,4
data/Trashnet-resized/glass/glass281.jpg,glass,1
data/Trashnet-resized/cardboard/cardboard121.jpg,cardboard,0
data/Trashnet-resized/glass/glass172.jpg,glass,1
data/Trashnet-resized/cardboard/cardboard62.jpg,cardboard,0
data/Trashnet-resized/paper/paper239.jpg,paper,3
data/Trashnet-resized/glass/glass335.jpg,glass,1
data/Trashnet-resized/cardboard/cardboard202.jpg,cardboard,0
data/Trashnet-resized/glass/glass210.jpg,glass,1
data/Trashnet-resized/glass/glass326.jpg,glass,1
data/Trashnet-resized/paper/paper433.jpg,paper,3
data/Trashnet-resized/glass/glass57.jpg,glass,1
data/Trashnet-resized/glass/glass455.jpg,glass,1
data/Trashnet-resized/paper/paper80.jpg,paper,3
data/Trashnet-resized/metal/metal354.jpg,metal,2
data/Trashnet-resized/glass/glass399.jpg,glass,1
data/Trashnet-resized/paper/paper31.jpg,paper,3
data/Trashnet-resized/cardboard/cardboard2.jpg,cardboard,0
data/Trashnet-resized/trash/trash50.jpg,trash,5
data/Trashnet-resized/plastic/plastic161.jpg,plastic,4
data/Trashnet-resized/plastic/plastic479.jpg,plastic,4
data/Trashnet-resized/paper/paper269.jpg,paper,3
data/Trashnet-resized/cardboard/cardboard81.jpg,cardboard,0
data/Trashnet-resized/plastic/plastic448.jpg,plastic,4
data/Trashnet-resized/metal/metal126.jpg,metal,2
data/Trashnet-resized/glass/glass411.jpg,glass,1
data/Trashnet-resized/plastic/plastic268.jpg,plastic,4
data/Trashnet-resized/paper/paper202.jpg,paper,3
data/Trashnet-resized/glass/glass107.jpg,glass,1
data/Trashnet-resized/cardboard/cardboard366.jpg,cardboard,0
data/Trashnet-resized/glass/glass384.jpg,glass,1
data/Trashnet-resized/cardboard/cardboard245.jpg,cardboard,0
data/Trashnet-resized/paper/paper303.jpg,paper,3
data/Trashnet-resized/cardboard/cardboard254.jpg,cardboard,0
data/Trashnet-resized/plastic/plastic146.jpg,plastic,4
data/Trashnet-resized/glass/glass273.jpg,glass,1
data/Trashnet-resized/glass/glass235.jpg,glass,1
data/Trashnet-resized/glass/glass284.jpg,glass,1
data/Trashnet-resized/plastic/plastic380.jpg,plastic,4
data/Trashnet-resized/plastic/plastic66.jpg,plastic,4
data/Trashnet-resized/glass/glass56.jpg,glass,1
data/Trashnet-resized/paper/paper238.jpg,paper,3
data/Trashnet-resized/glass/glass62.jpg,glass,1
data/Trashnet-resized/metal/metal246.jpg,metal,2
data/Trashnet-resized/glass/glass16.jpg,glass,1
data/Trashnet-resized/paper/paper449.jpg,paper,3
data/Trashnet-resized/plastic/plastic1.jpg,plastic,4
data/Trashnet-resized/glass/glass124.jpg,glass,1
data/Trashnet-resized/glass/glass162.jpg,glass,1
data/Trashnet-resized/glass/glass282.jpg,glass,1
data/Trashnet-resized/metal/metal288.jpg,metal,2
data/Trashnet-resized/glass/glass391.jpg,glass,1
data/Trashnet-resized/glass/glass100.jpg,glass,1
data/Trashnet-resized/paper/paper476.jpg,paper,3
data/Trashnet-resized/paper/paper546.jpg,paper,3
data/Trashnet-resized/paper/paper336.jpg,paper,3
data/Trashnet-resized/cardboard/cardboard219.jpg,cardboard,0
data/Trashnet-resized/plastic/plastic170.jpg,plastic,4
data/Trashnet-resized/cardboard/cardboard80.jpg,cardboard,0
data/Trashnet-resized/plastic/plastic321.jpg,plastic,4
data/Trashnet-resized/cardboard/cardboard185.jpg,cardboard,0
data/Trashnet-resized/metal/metal190.jpg,metal,2
data/Trashnet-resized/glass/glass101.jpg,glass,1
data/Trashnet-resized/cardboard/cardboard93.jpg,cardboard,0
data/Trashnet-resized/paper/paper135.jpg,paper,3
data/Trashnet-resized/paper/paper141.jpg,paper,3
data/Trashnet-resized/paper/paper402.jpg,paper,3
data/Trashnet-resized/metal/metal214.jpg,metal,2
data/Trashnet-resized/plastic/plastic392.jpg,plastic,4
data/Trashnet-resized/metal/metal230.jpg,metal,2
data/Trashnet-resized/plastic/plastic287.jpg,plastic,4
data/Trashnet-resized/metal/metal114.jpg,metal,2
data/Trashnet-resized/cardboard/cardboard220.jpg,cardboard,0
data/Trashnet-resized/metal/metal62.jpg,metal,2
data/Trashnet-resized/cardboard/cardboard77.jpg,cardboard,0
data/Trashnet-resized/glass/glass276.jpg,glass,1
data/Trashnet-resized/paper/paper513.jpg,paper,3
data/Trashnet-resized/metal/metal362.jpg,metal,2
data/Trashnet-resized/glass/glass87.jpg,glass,1
data/Trashnet-resized/cardboard/cardboard301.jpg,cardboard,0
data/Trashnet-resized/plastic/plastic367.jpg,plastic,4
data/Trashnet-resized/plastic/plastic274.jpg,plastic,4
data/Trashnet-resized/metal/metal265.jpg,metal,2
data/Trashnet-resized/glass/glass354.jpg,glass,1
data/Trashnet-resized/cardboard/cardboard274.jpg,cardboard,0
data/Trashnet-resized/plastic/plastic337.jpg,plastic,4
data/Trashnet-resized/cardboard/cardboard268.jpg,cardboard,0
data/Trashnet-resized/metal/metal99.jpg,metal,2
data/Trashnet-resized/trash/trash46.jpg,trash,5
data/Trashnet-resized/plastic/plastic10.jpg,plastic,4
data/Trashnet-resized/trash/trash122.jpg,trash,5
data/Trashnet-resized/glass/glass93.jpg,glass,1
data/Trashnet-resized/metal/metal302.jpg,metal,2
data/Trashnet-resized/plastic/plastic341.jpg,plastic,4
data/Trashnet-resized/paper/paper566.jpg,paper,3
data/Trashnet-resized/metal/metal377.jpg,metal,2
data/Trashnet-resized/glass/glass421.jpg,glass,1
data/Trashnet-resized/trash/trash129.jpg,trash,5
data/Trashnet-resized/plastic/plastic160.jpg,plastic,4
data/Trashnet-resized/plastic/plastic239.jpg,plastic,4
data/Trashnet-resized/trash/trash91.jpg,trash,5
data/Trashnet-resized/paper/paper85.jpg,paper,3
data/Trashnet-resized/metal/metal351.jpg,metal,2
data/Trashnet-resized/glass/glass486.jpg,glass,1
data/Trashnet-resized/plastic/plastic192.jpg,plastic,4
data/Trashnet-resized/metal/metal334.jpg,metal,2
data/Trashnet-resized/metal/metal300.jpg,metal,2
data/Trashnet-resized/paper/paper243.jpg,paper,3
data/Trashnet-resized/paper/paper163.jpg,paper,3
data/Trashnet-resized/paper/paper438.jpg,paper,3
data/Trashnet-resized/metal/metal2.jpg,metal,2
data/Trashnet-resized/metal/metal253.jpg,metal,2
data/Trashnet-resized/plastic/plastic303.jpg,plastic,4
data/Trashnet-resized/glass/glass402.jpg,glass,1
data/Trashnet-resized/cardboard/cardboard306.jpg,cardboard,0
data/Trashnet-resized/metal/metal333.jpg,metal,2
data/Trashnet-resized/paper/paper192.jpg,paper,3
data/Trashnet-resized/metal/metal247.jpg,metal,2
data/Trashnet-resized/cardboard/cardboard336.jpg,cardboard,0
data/Trashnet-resized/plastic/plastic216.jpg,plastic,4
data/Trashnet-resized/glass/glass396.jpg,glass,1
data/Trashnet-resized/paper/paper35.jpg,paper,3
data/Trashnet-resized/paper/paper587.jpg,paper,3
data/Trashnet-resized/glass/glass227.jpg,glass,1
data/Trashnet-resized/plastic/plastic363.jpg,plastic,4
data/Trashnet-resized/metal/metal221.jpg,metal,2
data/Trashnet-resized/glass/glass357.jpg,glass,1
data/Trashnet-resized/metal/metal19.jpg,metal,2
data/Trashnet-resized/cardboard/cardboard313.jpg,cardboard,0
data/Trashnet-resized/paper/paper552.jpg,paper,3
data/Trashnet-resized/cardboard/cardboard324.jpg,cardboard,0
data/Trashnet-resized/trash/trash115.jpg,trash,5
data/Trashnet-resized/trash/trash44.jpg,trash,5
data/Trashnet-resized/metal/metal125.jpg,metal,2
data/Trashnet-resized/plastic/plastic371.jpg,plastic,4
data/Trashnet-resized/plastic/plastic231.jpg,plastic,4
data/Trashnet-resized/cardboard/cardboard321.jpg,cardboard,0
data/Trashnet-resized/cardboard/cardboard251.jpg,cardboard,0
data/Trashnet-resized/trash/trash132.jpg,trash,5
data/Trashnet-resized/cardboard/cardboard168.jpg,cardboard,0
data/Trashnet-resized/glass/glass383.jpg,glass,1
data/Trashnet-resized/paper/paper29.jpg,paper,3
data/Trashnet-resized/metal/metal156.jpg,metal,2
data/Trashnet-resized/paper/paper168.jpg,paper,3
data/Trashnet-resized/cardboard/cardboard205.jpg,cardboard,0
data/Trashnet-resized/glass/glass350.jpg,glass,1
data/Trashnet-resized/cardboard/cardboard348.jpg,cardboard,0
data/Trashnet-resized/paper/paper300.jpg,paper,3
data/Trashnet-resized/paper/paper475.jpg,paper,3
data/Trashnet-resized/paper/paper182.jpg,paper,3
data/Trashnet-resized/paper/paper228.jpg,paper,3
data/Trashnet-resized/plastic/plastic189.jpg,plastic,4
data/Trashnet-resized/glass/glass372.jpg,glass,1
data/Trashnet-resized/metal/metal385.jpg,metal,2
data/Trashnet-resized/paper/paper509.jpg,paper,3
data/Trashnet-resized/metal/metal401.jpg,metal,2
data/Trashnet-resized/paper/paper220.jpg,paper,3
data/Trashnet-resized/glass/glass440.jpg,glass,1
data/Trashnet-resized/paper/paper399.jpg,paper,3
data/Trashnet-resized/trash/trash70.jpg,trash,5
data/Trashnet-resized/trash/trash86.jpg,trash,5
data/Trashnet-resized/plastic/plastic238.jpg,plastic,4
data/Trashnet-resized/metal/metal375.jpg,metal,2
data/Trashnet-resized/glass/glass376.jpg,glass,1
data/Trashnet-resized/plastic/plastic369.jpg,plastic,4
data/Trashnet-resized/metal/metal108.jpg,metal,2
data/Trashnet-resized/paper/paper45.jpg,paper,3
data/Trashnet-resized/paper/paper286.jpg,paper,3
data/Trashnet-resized/paper/paper454.jpg,paper,3
data/Trashnet-resized/plastic/plastic456.jpg,plastic,4
data/Trashnet-resized/glass/glass89.jpg,glass,1
data/Trashnet-resized/paper/paper184.jpg,paper,3
data/Trashnet-resized/paper/paper226.jpg,paper,3
data/Trashnet-resized/metal/metal305.jpg,metal,2
data/Trashnet-resized/glass/glass268.jpg,glass,1
data/Trashnet-resized/cardboard/cardboard262.jpg,cardboard,0
data/Trashnet-resized/plastic/plastic196.jpg,plastic,4
data/Trashnet-resized/metal/metal157.jpg,metal,2
data/Trashnet-resized/cardboard/cardboard36.jpg,cardboard,0
data/Trashnet-resized/paper/paper15.jpg,paper,3
data/Trashnet-resized/cardboard/cardboard74.jpg,cardboard,0
data/Trashnet-resized/glass/glass58.jpg,glass,1
data/Trashnet-resized/cardboard/cardboard229.jpg,cardboard,0
data/Trashnet-resized/plastic/plastic413.jpg,plastic,4
data/Trashnet-resized/metal/metal297.jpg,metal,2
data/Trashnet-resized/metal/metal164.jpg,metal,2
data/Trashnet-resized/plastic/plastic407.jpg,plastic,4
data/Trashnet-resized/paper/paper86.jpg,paper,3
data/Trashnet-resized/plastic/plastic101.jpg,plastic,4
data/Trashnet-resized/glass/glass461.jpg,glass,1
data/Trashnet-resized/plastic/plastic121.jpg,plastic,4
data/Trashnet-resized/glass/glass481.jpg,glass,1
data/Trashnet-resized/paper/paper501.jpg,paper,3
data/Trashnet-resized/glass/glass95.jpg,glass,1
data/Trashnet-resized/glass/glass328.jpg,glass,1
data/Trashnet-resized/paper/paper263.jpg,paper,3
data/Trashnet-resized/trash/trash78.jpg,trash,5
data/Trashnet-resized/plastic/plastic426.jpg,plastic,4
data/Trashnet-resized/paper/paper456.jpg,paper,3
data/Trashnet-resized/paper/paper183.jpg,paper,3
data/Trashnet-resized/cardboard/cardboard174.jpg,cardboard,0
data/Trashnet-resized/paper/paper483.jpg,paper,3
data/Trashnet-resized/cardboard/cardboard401.jpg,cardboard,0
data/Trashnet-resized/cardboard/cardboard400.jpg,cardboard,0
data/Trashnet-resized/glass/glass99.jpg,glass,1
data/Trashnet-resized/metal/metal397.jpg,metal,2
data/Trashnet-resized/metal/metal248.jpg,metal,2
data/Trashnet-resized/plastic/plastic197.jpg,plastic,4
data/Trashnet-resized/paper/paper309.jpg,paper,3
data/Trashnet-resized/cardboard/cardboard332.jpg,cardboard,0
data/Trashnet-resized/paper/paper157.jpg,paper,3
data/Trashnet-resized/glass/glass370.jpg,glass,1
data/Trashnet-resized/plastic/plastic410.jpg,plastic,4
data/Trashnet-resized/paper/paper140.jpg,paper,3
data/Trashnet-resized/plastic/plastic143.jpg,plastic,4
data/Trashnet-resized/cardboard/cardboard124.jpg,cardboard,0
data/Trashnet-resized/metal/metal18.jpg,metal,2
data/Trashnet-resized/paper/paper418.jpg,paper,3
data/Trashnet-resized/paper/paper541.jpg,paper,3
data/Trashnet-resized/paper/paper451.jpg,paper,3
data/Trashnet-resized/paper/paper270.jpg,paper,3
data/Trashnet-resized/glass/glass417.jpg,glass,1
data/Trashnet-resized/paper/paper250.jpg,paper,3
data/Trashnet-resized/plastic/plastic474.jpg,plastic,4
data/Trashnet-resized/plastic/plastic2.jpg,plastic,4
data/Trashnet-resized/plastic/plastic457.jpg,plastic,4
data/Trashnet-resized/paper/paper297.jpg,paper,3
data/Trashnet-resized/cardboard/cardboard350.jpg,cardboard,0
data/Trashnet-resized/paper/paper275.jpg,paper,3
data/Trashnet-resized/glass/glass115.jpg,glass,1
data/Trashnet-resized/glass/glass501.jpg,glass,1
data/Trashnet-resized/glass/glass315.jpg,glass,1
data/Trashnet-resized/cardboard/cardboard114.jpg,cardboard,0
data/Trashnet-resized/trash/trash82.jpg,trash,5
data/Trashnet-resized/paper/paper572.jpg,paper,3
data/Trashnet-resized/glass/glass379.jpg,glass,1
data/Trashnet-resized/plastic/plastic477.jpg,plastic,4
data/Trashnet-resized/paper/paper232.jpg,paper,3
data/Trashnet-resized/cardboard/cardboard83.jpg,cardboard,0
data/Trashnet-resized/paper/paper110.jpg,paper,3
data/Trashnet-resized/paper/paper437.jpg,paper,3
data/Trashnet-resized/paper/paper92.jpg,paper,3
data/Trashnet-resized/cardboard/cardboard145.jpg,cardboard,0
data/Trashnet-resized/trash/trash48.jpg,trash,5
data/Trashnet-resized/plastic/plastic198.jpg,plastic,4
data/Trashnet-resized/paper/paper32.jpg,paper,3
data/Trashnet-resized/glass/glass111.jpg,glass,1
data/Trashnet-resized/plastic/plastic165.jpg,plastic,4
data/Trashnet-resized/metal/metal396.jpg,metal,2
data/Trashnet-resized/paper/paper555.jpg,paper,3
data/Trashnet-resized/plastic/plastic30.jpg,plastic,4
data/Trashnet-resized/paper/paper388.jpg,paper,3
data/Trashnet-resized/glass/glass482.jpg,glass,1
data/Trashnet-resized/plastic/plastic28.jpg,plastic,4
data/Trashnet-resized/paper/paper171.jpg,paper,3
data/Trashnet-resized/cardboard/cardboard239.jpg,cardboard,0
data/Trashnet-resized/plastic/plastic151.jpg,plastic,4
data/Trashnet-resized/paper/paper321.jpg,paper,3
data/Trashnet-resized/glass/glass73.jpg,glass,1
data/Trashnet-resized/cardboard/cardboard293.jpg,cardboard,0
data/Trashnet-resized/paper/paper477.jpg,paper,3
data/Trashnet-resized/paper/paper129.jpg,paper,3
data/Trashnet-resized/paper/paper335.jpg,paper,3
data/Trashnet-resized/paper/paper188.jpg,paper,3
data/Trashnet-resized/plastic/plastic83.jpg,plastic,4
data/Trashnet-resized/cardboard/cardboard311.jpg,cardboard,0
data/Trashnet-resized/paper/paper467.jpg,paper,3
data/Trashnet-resized/glass/glass435.jpg,glass,1
data/Trashnet-resized/cardboard/cardboard177.jpg,cardboard,0
data/Trashnet-resized/cardboard/cardboard192.jpg,cardboard,0
data/Trashnet-resized/metal/metal1.jpg,metal,2
data/Trashnet-resized/glass/glass347.jpg,glass,1
data/Trashnet-resized/metal/metal400.jpg,metal,2
data/Trashnet-resized/plastic/plastic322.jpg,plastic,4
data/Trashnet-resized/glass/glass317.jpg,glass,1
data/Trashnet-resized/cardboard/cardboard393.jpg,cardboard,0
data/Trashnet-resized/glass/glass206.jpg,glass,1
data/Trashnet-resized/paper/paper289.jpg,paper,3
data/Trashnet-resized/cardboard/cardboard167.jpg,cardboard,0
data/Trashnet-resized/plastic/plastic309.jpg,plastic,4
data/Trashnet-resized/plastic/plastic8.jpg,plastic,4
data/Trashnet-resized/plastic/plastic21.jpg,plastic,4
data/Trashnet-resized/plastic/plastic125.jpg,plastic,4
data/Trashnet-resized/glass/glass409.jpg,glass,1
data/Trashnet-resized/glass/glass400.jpg,glass,1
data/Trashnet-resized/trash/trash74.jpg,trash,5
data/Trashnet-resized/cardboard/cardboard138.jpg,cardboard,0
data/Trashnet-resized/glass/glass232.jpg,glass,1
data/Trashnet-resized/trash/trash1.jpg,trash,5
data/Trashnet-resized/plastic/plastic45.jpg,plastic,4
data/Trashnet-resized/metal/metal201.jpg,metal,2
data/Trashnet-resized/glass/glass97.jpg,glass,1
data/Trashnet-resized/plastic/plastic480.jpg,plastic,4
data/Trashnet-resized/cardboard/cardboard32.jpg,cardboard,0
data/Trashnet-resized/metal/metal102.jpg,metal,2
data/Trashnet-resized/glass/glass423.jpg,glass,1
data/Trashnet-resized/cardboard/cardboard261.jpg,cardboard,0
data/Trashnet-resized/cardboard/cardboard280.jpg,cardboard,0
data/Trashnet-resized/cardboard/cardboard226.jpg,cardboard,0
data/Trashnet-resized/metal/metal257.jpg,metal,2
data/Trashnet-resized/metal/metal118.jpg,metal,2
data/Trashnet-resized/cardboard/cardboard175.jpg,cardboard,0
data/Trashnet-resized/plastic/plastic320.jpg,plastic,4
data/Trashnet-resized/glass/glass138.jpg,glass,1
data/Trashnet-resized/plastic/plastic368.jpg,plastic,4
data/Trashnet-resized/metal/metal382.jpg,metal,2
data/Trashnet-resized/paper/paper381.jpg,paper,3
data/Trashnet-resized/plastic/plastic140.jpg,plastic,4
data/Trashnet-resized/trash/trash111.jpg,trash,5
data/Trashnet-resized/plastic/plastic304.jpg,plastic,4
data/Trashnet-resized/paper/paper553.jpg,paper,3
data/Trashnet-resized/paper/paper360.jpg,paper,3
data/Trashnet-resized/metal/metal111.jpg,metal,2
data/Trashnet-resized/glass/glass171.jpg,glass,1
data/Trashnet-resized/cardboard/cardboard48.jpg,cardboard,0
data/Trashnet-resized/plastic/plastic97.jpg,plastic,4
data/Trashnet-resized/paper/paper540.jpg,paper,3
data/Trashnet-resized/plastic/plastic292.jpg,plastic,4
data/Trashnet-resized/cardboard/cardboard18.jpg,cardboard,0
data/Trashnet-resized/metal/metal127.jpg,metal,2
data/Trashnet-resized/cardboard/cardboard228.jpg,cardboard,0
data/Trashnet-resized/metal/metal267.jpg,metal,2
data/Trashnet-resized/plastic/plastic206.jpg,plastic,4
data/Trashnet-resized/trash/trash37.jpg,trash,5
data/Trashnet-resized/paper/paper11.jpg,paper,3
data/Trashnet-resized/glass/glass61.jpg,glass,1
data/Trashnet-resized/metal/metal133.jpg,metal,2
data/Trashnet-resized/plastic/plastic342.jpg,plastic,4
data/Trashnet-resized/paper/paper122.jpg,paper,3
data/Trashnet-resized/cardboard/cardboard130.jpg,cardboard,0
data/Trashnet-resized/metal/metal299.jpg,metal,2
data/Trashnet-resized/glass/glass108.jpg,glass,1
data/Trashnet-resized/trash/trash105.jpg,trash,5
data/Trashnet-resized/cardboard/cardboard284.jpg,cardboard,0
data/Trashnet-resized/plastic/plastic353.jpg,plastic,4
data/Trashnet-resized/paper/paper559.jpg,paper,3
data/Trashnet-resized/cardboard/cardboard190.jpg,cardboard,0
data/Trashnet-resized/metal/metal245.jpg,metal,2
data/Trashnet-resized/glass/glass308.jpg,glass,1
data/Trashnet-resized/glass/glass205.jpg,glass,1
data/Trashnet-resized/paper/paper89.jpg,paper,3
data/Trashnet-resized/metal/metal34.jpg,metal,2
data/Trashnet-resized/trash/trash118.jpg,trash,5
data/Trashnet-resized/paper/paper518.jpg,paper,3
data/Trashnet-resized/glass/glass53.jpg,glass,1
data/Trashnet-resized/cardboard/cardboard240.jpg,cardboard,0
data/Trashnet-resized/trash/trash20.jpg,trash,5
data/Trashnet-resized/metal/metal44.jpg,metal,2
data/Trashnet-resized/glass/glass32.jpg,glass,1
data/Trashnet-resized/metal/metal204.jpg,metal,2
data/Trashnet-resized/plastic/plastic137.jpg,plastic,4
data/Trashnet-resized/metal/metal219.jpg,metal,2
data/Trashnet-resized/trash/trash88.jpg,trash,5
data/Trashnet-resized/cardboard/cardboard141.jpg,cardboard,0
data/Trashnet-resized/glass/glass33.jpg,glass,1
data/Trashnet-resized/metal/metal249.jpg,metal,2
data/Trashnet-resized/cardboard/cardboard86.jpg,cardboard,0
data/Trashnet-resized/cardboard/cardboard235.jpg,cardboard,0
data/Trashnet-resized/glass/glass251.jpg,glass,1
data/Trashnet-resized/cardboard/cardboard303.jpg,cardboard,0
data/Trashnet-resized/cardboard/cardboard246.jpg,cardboard,0
data/Trashnet-resized/plastic/plastic436.jpg,plastic,4
data/Trashnet-resized/plastic/plastic135.jpg,plastic,4
data/Trashnet-resized/metal/metal154.jpg,metal,2
data/Trashnet-resized/plastic/plastic430.jpg,plastic,4
data/Trashnet-resized/plastic/plastic351.jpg,plastic,4
data/Trashnet-resized/paper/paper484.jpg,paper,3
data/Trashnet-resized/paper/paper426.jpg,paper,3
data/Trashnet-resized/glass/glass196.jpg,glass,1
data/Trashnet-resized/paper/paper70.jpg,paper,3
data/Trashnet-resized/glass/glass321.jpg,glass,1
data/Trashnet-resized/paper/paper125.jpg,paper,3
data/Trashnet-resized/glass/glass364.jpg,glass,1
data/Trashnet-resized/plastic/plastic15.jpg,plastic,4
data/Trashnet-resized/paper/paper377.jpg,paper,3
data/Trashnet-resized/plastic/plastic194.jpg,plastic,4
data/Trashnet-resized/paper/paper253.jpg,paper,3
data/Trashnet-resized/glass/glass389.jpg,glass,1
data/Trashnet-resized/paper/paper357.jpg,paper,3
data/Trashnet-resized/plastic/plastic58.jpg,plastic,4
data/Trashnet-resized/plastic/plastic468.jpg,plastic,4
data/Trashnet-resized/cardboard/cardboard305.jpg,cardboard,0
data/Trashnet-resized/plastic/plastic154.jpg,plastic,4
data/Trashnet-resized/glass/glass309.jpg,glass,1
data/Trashnet-resized/plastic/plastic25.jpg,plastic,4
data/Trashnet-resized/glass/glass63.jpg,glass,1
data/Trashnet-resized/metal/metal131.jpg,metal,2
